Data;Mês;Ano;Mês_Ano;Prod1;Prod2;Prod3
01/12/2014;12;2014;122014;0;11;0
02/12/2014;12;2014;122014;0;11;0
03/12/2014;12;2014;122014;0;11;0
04/12/2014;12;2014;122014;0;14;0
05/12/2014;12;2014;122014;0;13;0
08/12/2014;12;2014;122014;0;11;0
09/12/2014;12;2014;122014;0;11;0
10/12/2014;12;2014;122014;0;11;0
11/12/2014;12;2014;122014;0;14;0
12/12/2014;12;2014;122014;0;13;0
15/12/2014;12;2014;122014;0;11;0
16/12/2014;12;2014;122014;0;11;0
17/12/2014;12;2014;122014;0;11;0
18/12/2014;12;2014;122014;0;14;0
19/12/2014;12;2014;122014;0;13;0
22/12/2014;12;2014;122014;0;11;0
23/12/2014;12;2014;122014;0;11;0
24/12/2014;12;2014;122014;0;11;0
25/12/2014;12;2014;122014;0;14;0
26/12/2014;12;2014;122014;0;13;0
29/12/2014;12;2014;122014;0;11;0
30/12/2014;12;2014;122014;0;11;0
31/12/2014;12;2014;122014;0;11;0
01/01/2015;1;2015;12015;2;205;0
02/01/2015;1;2015;12015;2;192;0
05/01/2015;1;2015;12015;2;203;0
06/01/2015;1;2015;12015;3;210;0
07/01/2015;1;2015;12015;3;210;0
08/01/2015;1;2015;12015;2;205;0
09/01/2015;1;2015;12015;2;192;0
12/01/2015;1;2015;12015;2;203;0
13/01/2015;1;2015;12015;3;210;0
14/01/2015;1;2015;12015;3;210;0
15/01/2015;1;2015;12015;2;205;0
16/01/2015;1;2015;12015;2;192;0
19/01/2015;1;2015;12015;2;203;0
20/01/2015;1;2015;12015;3;210;0
21/01/2015;1;2015;12015;3;210;0
22/01/2015;1;2015;12015;2;205;0
23/01/2015;1;2015;12015;2;192;0
26/01/2015;1;2015;12015;2;203;0
27/01/2015;1;2015;12015;3;210;0
28/01/2015;1;2015;12015;3;210;0
29/01/2015;1;2015;12015;2;205;0
30/01/2015;1;2015;12015;2;192;0
02/02/2015;2;2015;22015;2;203;0
03/02/2015;2;2015;22015;3;210;0
04/02/2015;2;2015;22015;3;210;0
05/02/2015;2;2015;22015;2;205;0
06/02/2015;2;2015;22015;2;192;0
09/02/2015;2;2015;22015;2;203;0
10/02/2015;2;2015;22015;3;210;0
11/02/2015;2;2015;22015;3;210;0
12/02/2015;2;2015;22015;2;205;0
13/02/2015;2;2015;22015;2;192;0
16/02/2015;2;2015;22015;2;203;0
17/02/2015;2;2015;22015;3;210;0
18/02/2015;2;2015;22015;3;210;0
19/02/2015;2;2015;22015;2;205;0
20/02/2015;2;2015;22015;2;192;0
23/02/2015;2;2015;22015;2;203;0
24/02/2015;2;2015;22015;3;210;0
25/02/2015;2;2015;22015;3;210;0
26/02/2015;2;2015;22015;2;205;0
27/02/2015;2;2015;22015;2;192;0
02/03/2015;3;2015;32015;2;203;0
03/03/2015;3;2015;32015;3;210;0
04/03/2015;3;2015;32015;3;210;0
05/03/2015;3;2015;32015;2;205;0
06/03/2015;3;2015;32015;2;192;0
09/03/2015;3;2015;32015;2;203;0
10/03/2015;3;2015;32015;3;210;0
11/03/2015;3;2015;32015;3;210;0
12/03/2015;3;2015;32015;2;205;0
13/03/2015;3;2015;32015;2;192;0
16/03/2015;3;2015;32015;2;203;0
17/03/2015;3;2015;32015;3;210;0
18/03/2015;3;2015;32015;3;210;0
19/03/2015;3;2015;32015;2;205;0
20/03/2015;3;2015;32015;2;192;0
23/03/2015;3;2015;32015;2;203;0
24/03/2015;3;2015;32015;3;210;0
25/03/2015;3;2015;32015;3;210;0
26/03/2015;3;2015;32015;2;205;0
27/03/2015;3;2015;32015;2;192;0
30/03/2015;3;2015;32015;2;203;0
31/03/2015;3;2015;32015;3;210;0
01/04/2015;4;2015;42015;3;210;0
02/04/2015;4;2015;42015;2;205;0
03/04/2015;4;2015;42015;2;192;0
06/04/2015;4;2015;42015;2;203;0
07/04/2015;4;2015;42015;3;210;0
08/04/2015;4;2015;42015;3;210;0
09/04/2015;4;2015;42015;2;205;0
10/04/2015;4;2015;42015;2;192;0
13/04/2015;4;2015;42015;2;203;0
14/04/2015;4;2015;42015;3;210;0
15/04/2015;4;2015;42015;3;210;0
16/04/2015;4;2015;42015;2;205;0
17/04/2015;4;2015;42015;2;192;0
20/04/2015;4;2015;42015;2;203;0
21/04/2015;4;2015;42015;3;210;0
22/04/2015;4;2015;42015;3;210;0
23/04/2015;4;2015;42015;2;205;0
24/04/2015;4;2015;42015;2;192;0
27/04/2015;4;2015;42015;2;203;0
28/04/2015;4;2015;42015;3;210;0
29/04/2015;4;2015;42015;3;210;0
30/04/2015;4;2015;42015;2;205;0
01/05/2015;5;2015;52015;2;192;0
04/05/2015;5;2015;52015;2;203;0
05/05/2015;5;2015;52015;3;210;0
06/05/2015;5;2015;52015;3;210;0
07/05/2015;5;2015;52015;2;205;0
08/05/2015;5;2015;52015;2;192;0
11/05/2015;5;2015;52015;2;203;0
12/05/2015;5;2015;52015;3;210;0
13/05/2015;5;2015;52015;3;210;0
14/05/2015;5;2015;52015;2;205;0
15/05/2015;5;2015;52015;2;192;0
18/05/2015;5;2015;52015;2;203;0
19/05/2015;5;2015;52015;3;210;0
20/05/2015;5;2015;52015;3;210;0
21/05/2015;5;2015;52015;2;205;0
22/05/2015;5;2015;52015;2;192;0
25/05/2015;5;2015;52015;2;203;0
26/05/2015;5;2015;52015;3;210;0
27/05/2015;5;2015;52015;3;210;0
28/05/2015;5;2015;52015;2;205;0
29/05/2015;5;2015;52015;2;192;0
01/06/2015;6;2015;62015;2;203;0
02/06/2015;6;2015;62015;3;210;0
03/06/2015;6;2015;62015;3;210;0
04/06/2015;6;2015;62015;2;205;0
05/06/2015;6;2015;62015;2;192;0
08/06/2015;6;2015;62015;2;203;0
09/06/2015;6;2015;62015;3;210;0
10/06/2015;6;2015;62015;3;210;0
11/06/2015;6;2015;62015;2;205;0
12/06/2015;6;2015;62015;2;192;0
15/06/2015;6;2015;62015;2;203;0
16/06/2015;6;2015;62015;3;210;0
17/06/2015;6;2015;62015;3;210;0
18/06/2015;6;2015;62015;2;205;0
19/06/2015;6;2015;62015;2;192;0
22/06/2015;6;2015;62015;2;203;0
23/06/2015;6;2015;62015;3;210;0
24/06/2015;6;2015;62015;3;210;0
25/06/2015;6;2015;62015;2;205;0
26/06/2015;6;2015;62015;2;192;0
29/06/2015;6;2015;62015;2;203;0
30/06/2015;6;2015;62015;3;210;0
01/07/2015;7;2015;72015;3;210;0
02/07/2015;7;2015;72015;2;205;0
03/07/2015;7;2015;72015;2;192;0
06/07/2015;7;2015;72015;2;203;0
07/07/2015;7;2015;72015;3;210;0
08/07/2015;7;2015;72015;3;210;0
09/07/2015;7;2015;72015;2;205;0
10/07/2015;7;2015;72015;2;192;0
13/07/2015;7;2015;72015;2;203;0
14/07/2015;7;2015;72015;3;210;0
15/07/2015;7;2015;72015;3;210;0
16/07/2015;7;2015;72015;2;205;0
17/07/2015;7;2015;72015;2;192;0
20/07/2015;7;2015;72015;2;203;0
21/07/2015;7;2015;72015;3;210;0
22/07/2015;7;2015;72015;3;210;0
23/07/2015;7;2015;72015;2;205;0
24/07/2015;7;2015;72015;2;192;0
27/07/2015;7;2015;72015;2;203;0
28/07/2015;7;2015;72015;3;210;0
29/07/2015;7;2015;72015;3;210;0
30/07/2015;7;2015;72015;2;205;0
31/07/2015;7;2015;72015;2;192;0
03/08/2015;8;2015;82015;2;203;0
04/08/2015;8;2015;82015;3;210;0
05/08/2015;8;2015;82015;3;210;0
06/08/2015;8;2015;82015;2;205;0
07/08/2015;8;2015;82015;2;192;0
10/08/2015;8;2015;82015;2;203;0
11/08/2015;8;2015;82015;3;210;0
12/08/2015;8;2015;82015;3;210;0
13/08/2015;8;2015;82015;2;205;0
14/08/2015;8;2015;82015;2;192;0
17/08/2015;8;2015;82015;2;203;0
18/08/2015;8;2015;82015;3;210;0
19/08/2015;8;2015;82015;3;210;0
20/08/2015;8;2015;82015;2;205;0
21/08/2015;8;2015;82015;2;192;0
24/08/2015;8;2015;82015;2;203;0
25/08/2015;8;2015;82015;3;210;0
26/08/2015;8;2015;82015;3;210;0
27/08/2015;8;2015;82015;2;205;0
28/08/2015;8;2015;82015;2;192;0
31/08/2015;8;2015;82015;2;203;0
01/09/2015;9;2015;92015;3;210;0
02/09/2015;9;2015;92015;3;210;0
03/09/2015;9;2015;92015;2;205;0
04/09/2015;9;2015;92015;2;192;0
07/09/2015;9;2015;92015;2;203;0
08/09/2015;9;2015;92015;3;210;0
09/09/2015;9;2015;92015;3;210;0
10/09/2015;9;2015;92015;2;205;0
11/09/2015;9;2015;92015;2;192;0
14/09/2015;9;2015;92015;2;203;0
15/09/2015;9;2015;92015;3;210;0
16/09/2015;9;2015;92015;3;210;0
17/09/2015;9;2015;92015;2;205;0
18/09/2015;9;2015;92015;2;192;0
21/09/2015;9;2015;92015;2;203;0
22/09/2015;9;2015;92015;3;210;0
23/09/2015;9;2015;92015;3;210;0
24/09/2015;9;2015;92015;2;205;0
25/09/2015;9;2015;92015;2;192;0
28/09/2015;9;2015;92015;2;203;0
29/09/2015;9;2015;92015;3;210;0
30/09/2015;9;2015;92015;3;210;0
01/10/2015;10;2015;102015;2;205;0
02/10/2015;10;2015;102015;2;192;0
05/10/2015;10;2015;102015;2;203;0
06/10/2015;10;2015;102015;3;210;0
07/10/2015;10;2015;102015;3;210;0
08/10/2015;10;2015;102015;2;205;0
09/10/2015;10;2015;102015;2;192;0
12/10/2015;10;2015;102015;2;203;0
13/10/2015;10;2015;102015;3;210;0
14/10/2015;10;2015;102015;3;210;0
15/10/2015;10;2015;102015;2;205;0
16/10/2015;10;2015;102015;2;192;0
19/10/2015;10;2015;102015;2;203;0
20/10/2015;10;2015;102015;3;210;0
21/10/2015;10;2015;102015;3;210;0
22/10/2015;10;2015;102015;2;205;0
23/10/2015;10;2015;102015;2;192;0
26/10/2015;10;2015;102015;2;203;0
27/10/2015;10;2015;102015;3;210;0
28/10/2015;10;2015;102015;3;210;0
29/10/2015;10;2015;102015;2;205;0
30/10/2015;10;2015;102015;2;192;0
02/11/2015;11;2015;112015;2;203;0
03/11/2015;11;2015;112015;3;210;0
04/11/2015;11;2015;112015;3;210;0
05/11/2015;11;2015;112015;2;205;0
06/11/2015;11;2015;112015;2;192;0
09/11/2015;11;2015;112015;2;203;0
10/11/2015;11;2015;112015;3;210;0
11/11/2015;11;2015;112015;3;210;0
12/11/2015;11;2015;112015;2;205;0
13/11/2015;11;2015;112015;2;192;0
16/11/2015;11;2015;112015;2;203;0
17/11/2015;11;2015;112015;3;210;0
18/11/2015;11;2015;112015;3;210;0
19/11/2015;11;2015;112015;2;205;0
20/11/2015;11;2015;112015;2;192;0
23/11/2015;11;2015;112015;2;203;0
24/11/2015;11;2015;112015;3;210;0
25/11/2015;11;2015;112015;3;210;0
26/11/2015;11;2015;112015;2;205;0
27/11/2015;11;2015;112015;2;192;0
30/11/2015;11;2015;112015;2;203;0
01/12/2015;12;2015;122015;3;210;0
02/12/2015;12;2015;122015;3;210;0
03/12/2015;12;2015;122015;2;205;0
04/12/2015;12;2015;122015;2;192;0
07/12/2015;12;2015;122015;2;203;0
08/12/2015;12;2015;122015;3;210;0
09/12/2015;12;2015;122015;3;210;0
10/12/2015;12;2015;122015;2;205;0
11/12/2015;12;2015;122015;2;192;0
14/12/2015;12;2015;122015;2;203;0
15/12/2015;12;2015;122015;3;210;0
16/12/2015;12;2015;122015;3;210;0
17/12/2015;12;2015;122015;2;205;0
18/12/2015;12;2015;122015;2;192;0
21/12/2015;12;2015;122015;2;203;0
22/12/2015;12;2015;122015;3;210;0
23/12/2015;12;2015;122015;3;210;0
24/12/2015;12;2015;122015;2;205;0
25/12/2015;12;2015;122015;2;192;0
28/12/2015;12;2015;122015;2;203;0
29/12/2015;12;2015;122015;3;210;0
30/12/2015;12;2015;122015;3;210;0
31/12/2015;12;2015;122015;2;205;0
01/01/2016;1;2016;12016;209;183;40
04/01/2016;1;2016;12016;226;198;43
05/01/2016;1;2016;12016;234;205;44
06/01/2016;1;2016;12016;234;205;44
07/01/2016;1;2016;12016;232;203;44
08/01/2016;1;2016;12016;209;183;40
11/01/2016;1;2016;12016;226;198;43
12/01/2016;1;2016;12016;234;205;44
13/01/2016;1;2016;12016;234;205;44
14/01/2016;1;2016;12016;232;203;44
15/01/2016;1;2016;12016;209;183;40
18/01/2016;1;2016;12016;226;198;43
19/01/2016;1;2016;12016;234;205;44
20/01/2016;1;2016;12016;234;205;44
21/01/2016;1;2016;12016;232;203;44
22/01/2016;1;2016;12016;209;183;40
25/01/2016;1;2016;12016;226;198;43
26/01/2016;1;2016;12016;234;205;44
27/01/2016;1;2016;12016;234;205;44
28/01/2016;1;2016;12016;232;203;44
29/01/2016;1;2016;12016;209;183;40
01/02/2016;2;2016;22016;226;198;43
02/02/2016;2;2016;22016;234;205;44
03/02/2016;2;2016;22016;234;205;44
04/02/2016;2;2016;22016;232;203;44
05/02/2016;2;2016;22016;209;183;40
08/02/2016;2;2016;22016;226;198;43
09/02/2016;2;2016;22016;234;205;44
10/02/2016;2;2016;22016;234;205;44
11/02/2016;2;2016;22016;232;203;44
12/02/2016;2;2016;22016;209;183;40
15/02/2016;2;2016;22016;226;198;43
16/02/2016;2;2016;22016;234;205;44
17/02/2016;2;2016;22016;234;205;44
18/02/2016;2;2016;22016;232;203;44
19/02/2016;2;2016;22016;209;183;40
22/02/2016;2;2016;22016;226;198;43
23/02/2016;2;2016;22016;234;205;44
24/02/2016;2;2016;22016;234;205;44
25/02/2016;2;2016;22016;232;203;44
26/02/2016;2;2016;22016;209;183;40
29/02/2016;2;2016;22016;226;198;43
01/03/2016;3;2016;32016;234;205;44
02/03/2016;3;2016;32016;234;205;44
03/03/2016;3;2016;32016;232;203;44
04/03/2016;3;2016;32016;209;183;40
07/03/2016;3;2016;32016;226;198;43
08/03/2016;3;2016;32016;234;205;44
09/03/2016;3;2016;32016;234;205;44
10/03/2016;3;2016;32016;232;203;44
11/03/2016;3;2016;32016;209;183;40
14/03/2016;3;2016;32016;226;198;43
15/03/2016;3;2016;32016;234;205;44
16/03/2016;3;2016;32016;234;205;44
17/03/2016;3;2016;32016;232;203;44
18/03/2016;3;2016;32016;209;183;40
21/03/2016;3;2016;32016;226;198;43
22/03/2016;3;2016;32016;234;205;44
23/03/2016;3;2016;32016;234;205;44
24/03/2016;3;2016;32016;232;203;44
25/03/2016;3;2016;32016;209;183;40
28/03/2016;3;2016;32016;226;198;43
29/03/2016;3;2016;32016;234;205;44
30/03/2016;3;2016;32016;234;205;44
31/03/2016;3;2016;32016;232;203;44
01/04/2016;4;2016;42016;209;183;40
04/04/2016;4;2016;42016;226;198;43
05/04/2016;4;2016;42016;234;205;44
06/04/2016;4;2016;42016;234;205;44
07/04/2016;4;2016;42016;232;203;44
08/04/2016;4;2016;42016;209;183;40
11/04/2016;4;2016;42016;226;198;43
12/04/2016;4;2016;42016;234;205;44
13/04/2016;4;2016;42016;234;205;44
14/04/2016;4;2016;42016;232;203;44
15/04/2016;4;2016;42016;209;183;40
18/04/2016;4;2016;42016;226;198;43
19/04/2016;4;2016;42016;234;205;44
20/04/2016;4;2016;42016;234;205;44
21/04/2016;4;2016;42016;232;203;44
22/04/2016;4;2016;42016;209;183;40
25/04/2016;4;2016;42016;226;198;43
26/04/2016;4;2016;42016;234;205;44
27/04/2016;4;2016;42016;234;205;44
28/04/2016;4;2016;42016;232;203;44
29/04/2016;4;2016;42016;209;183;40
02/05/2016;5;2016;52016;226;198;43
03/05/2016;5;2016;52016;234;205;44
04/05/2016;5;2016;52016;234;205;44
05/05/2016;5;2016;52016;232;203;44
06/05/2016;5;2016;52016;209;183;40
09/05/2016;5;2016;52016;226;198;43
10/05/2016;5;2016;52016;234;205;44
11/05/2016;5;2016;52016;234;205;44
12/05/2016;5;2016;52016;232;203;44
13/05/2016;5;2016;52016;209;183;40
16/05/2016;5;2016;52016;226;198;43
17/05/2016;5;2016;52016;234;205;44
18/05/2016;5;2016;52016;234;205;44
19/05/2016;5;2016;52016;232;203;44
20/05/2016;5;2016;52016;209;183;40
23/05/2016;5;2016;52016;226;198;43
24/05/2016;5;2016;52016;234;205;44
25/05/2016;5;2016;52016;234;205;44
26/05/2016;5;2016;52016;232;203;44
27/05/2016;5;2016;52016;209;183;40
30/05/2016;5;2016;52016;226;198;43
31/05/2016;5;2016;52016;234;205;44
01/06/2016;6;2016;62016;234;205;44
02/06/2016;6;2016;62016;232;203;44
03/06/2016;6;2016;62016;209;183;40
06/06/2016;6;2016;62016;226;198;43
07/06/2016;6;2016;62016;234;205;44
08/06/2016;6;2016;62016;234;205;44
09/06/2016;6;2016;62016;232;203;44
10/06/2016;6;2016;62016;209;183;40
13/06/2016;6;2016;62016;226;198;43
14/06/2016;6;2016;62016;234;205;44
15/06/2016;6;2016;62016;234;205;44
16/06/2016;6;2016;62016;232;203;44
17/06/2016;6;2016;62016;209;183;40
20/06/2016;6;2016;62016;226;198;43
21/06/2016;6;2016;62016;234;205;44
22/06/2016;6;2016;62016;234;205;44
23/06/2016;6;2016;62016;232;203;44
24/06/2016;6;2016;62016;209;183;40
27/06/2016;6;2016;62016;226;198;43
28/06/2016;6;2016;62016;234;205;44
29/06/2016;6;2016;62016;234;205;44
30/06/2016;6;2016;62016;232;203;44
01/07/2016;7;2016;72016;209;183;40
04/07/2016;7;2016;72016;226;198;43
05/07/2016;7;2016;72016;234;205;44
06/07/2016;7;2016;72016;234;205;44
07/07/2016;7;2016;72016;232;203;44
08/07/2016;7;2016;72016;209;183;40
11/07/2016;7;2016;72016;226;198;43
12/07/2016;7;2016;72016;234;205;44
13/07/2016;7;2016;72016;234;205;44
14/07/2016;7;2016;72016;232;203;44
15/07/2016;7;2016;72016;209;183;40
18/07/2016;7;2016;72016;226;198;43
19/07/2016;7;2016;72016;234;205;44
20/07/2016;7;2016;72016;234;205;44
21/07/2016;7;2016;72016;232;203;44
22/07/2016;7;2016;72016;209;183;40
25/07/2016;7;2016;72016;226;198;43
26/07/2016;7;2016;72016;234;205;44
27/07/2016;7;2016;72016;234;205;44
28/07/2016;7;2016;72016;232;203;44
29/07/2016;7;2016;72016;209;183;40
01/08/2016;8;2016;82016;226;198;43
02/08/2016;8;2016;82016;234;205;44
03/08/2016;8;2016;82016;234;205;44
04/08/2016;8;2016;82016;232;203;44
05/08/2016;8;2016;82016;209;183;40
08/08/2016;8;2016;82016;226;198;43
09/08/2016;8;2016;82016;234;205;44
10/08/2016;8;2016;82016;234;205;44
11/08/2016;8;2016;82016;232;203;44
12/08/2016;8;2016;82016;209;183;40
15/08/2016;8;2016;82016;226;198;43
16/08/2016;8;2016;82016;234;205;44
17/08/2016;8;2016;82016;234;205;44
18/08/2016;8;2016;82016;232;203;44
19/08/2016;8;2016;82016;209;183;40
22/08/2016;8;2016;82016;226;198;43
23/08/2016;8;2016;82016;234;205;44
24/08/2016;8;2016;82016;234;205;44
25/08/2016;8;2016;82016;232;203;44
26/08/2016;8;2016;82016;209;183;40
29/08/2016;8;2016;82016;226;198;43
30/08/2016;8;2016;82016;234;205;44
31/08/2016;8;2016;82016;234;205;44
01/09/2016;9;2016;92016;232;203;44
02/09/2016;9;2016;92016;209;183;40
05/09/2016;9;2016;92016;226;198;43
06/09/2016;9;2016;92016;234;205;44
07/09/2016;9;2016;92016;234;205;44
08/09/2016;9;2016;92016;232;203;44
09/09/2016;9;2016;92016;209;183;40
12/09/2016;9;2016;92016;226;198;43
13/09/2016;9;2016;92016;234;205;44
14/09/2016;9;2016;92016;234;205;44
15/09/2016;9;2016;92016;232;203;44
16/09/2016;9;2016;92016;209;183;40
19/09/2016;9;2016;92016;226;198;43
20/09/2016;9;2016;92016;234;205;44
21/09/2016;9;2016;92016;234;205;44
22/09/2016;9;2016;92016;232;203;44
23/09/2016;9;2016;92016;209;183;40
26/09/2016;9;2016;92016;226;198;43
27/09/2016;9;2016;92016;234;205;44
28/09/2016;9;2016;92016;234;205;44
29/09/2016;9;2016;92016;232;203;44
30/09/2016;9;2016;92016;209;183;40
03/10/2016;10;2016;102016;226;198;43
04/10/2016;10;2016;102016;234;205;44
05/10/2016;10;2016;102016;234;205;44
06/10/2016;10;2016;102016;232;203;44
07/10/2016;10;2016;102016;209;183;40
10/10/2016;10;2016;102016;226;198;43
11/10/2016;10;2016;102016;234;205;44
12/10/2016;10;2016;102016;234;205;44
13/10/2016;10;2016;102016;232;203;44
14/10/2016;10;2016;102016;209;183;40
17/10/2016;10;2016;102016;226;198;43
18/10/2016;10;2016;102016;234;205;44
19/10/2016;10;2016;102016;234;205;44
20/10/2016;10;2016;102016;232;203;44
21/10/2016;10;2016;102016;209;183;40
24/10/2016;10;2016;102016;226;198;43
25/10/2016;10;2016;102016;234;205;44
26/10/2016;10;2016;102016;234;205;44
27/10/2016;10;2016;102016;232;203;44
28/10/2016;10;2016;102016;209;183;40
31/10/2016;10;2016;102016;226;198;43
01/11/2016;11;2016;112016;234;205;44
02/11/2016;11;2016;112016;234;205;44
03/11/2016;11;2016;112016;232;203;44
04/11/2016;11;2016;112016;209;183;40
07/11/2016;11;2016;112016;226;198;43
08/11/2016;11;2016;112016;234;205;44
09/11/2016;11;2016;112016;234;205;44
10/11/2016;11;2016;112016;232;203;44
11/11/2016;11;2016;112016;209;183;40
14/11/2016;11;2016;112016;226;198;43
15/11/2016;11;2016;112016;234;205;44
16/11/2016;11;2016;112016;234;205;44
17/11/2016;11;2016;112016;232;203;44
18/11/2016;11;2016;112016;209;183;40
21/11/2016;11;2016;112016;226;198;43
22/11/2016;11;2016;112016;234;205;44
23/11/2016;11;2016;112016;234;205;44
24/11/2016;11;2016;112016;232;203;44
25/11/2016;11;2016;112016;209;183;40
28/11/2016;11;2016;112016;226;198;43
29/11/2016;11;2016;112016;234;205;44
30/11/2016;11;2016;112016;234;205;44
01/12/2016;12;2016;122016;232;203;44
02/12/2016;12;2016;122016;209;183;40
05/12/2016;12;2016;122016;226;198;43
06/12/2016;12;2016;122016;234;205;44
07/12/2016;12;2016;122016;234;205;44
08/12/2016;12;2016;122016;232;203;44
09/12/2016;12;2016;122016;209;183;40
12/12/2016;12;2016;122016;226;198;43
13/12/2016;12;2016;122016;234;205;44
14/12/2016;12;2016;122016;234;205;44
15/12/2016;12;2016;122016;232;203;44
16/12/2016;12;2016;122016;209;183;40
19/12/2016;12;2016;122016;226;198;43
20/12/2016;12;2016;122016;234;205;44
21/12/2016;12;2016;122016;234;205;44
22/12/2016;12;2016;122016;232;203;44
23/12/2016;12;2016;122016;209;183;40
26/12/2016;12;2016;122016;226;198;43
27/12/2016;12;2016;122016;234;205;44
28/12/2016;12;2016;122016;234;205;44
29/12/2016;12;2016;122016;232;203;44
30/12/2016;12;2016;122016;209;183;40
02/01/2017;1;2017;12017;250;215;219
03/01/2017;1;2017;12017;258;222;226
04/01/2017;1;2017;12017;258;222;226
05/01/2017;1;2017;12017;256;221;225
06/01/2017;1;2017;12017;235;203;206
09/01/2017;1;2017;12017;250;215;219
10/01/2017;1;2017;12017;258;222;226
11/01/2017;1;2017;12017;258;222;226
12/01/2017;1;2017;12017;256;221;225
13/01/2017;1;2017;12017;235;203;206
16/01/2017;1;2017;12017;250;215;219
17/01/2017;1;2017;12017;258;222;226
18/01/2017;1;2017;12017;258;222;226
19/01/2017;1;2017;12017;256;221;225
20/01/2017;1;2017;12017;235;203;206
23/01/2017;1;2017;12017;250;215;219
24/01/2017;1;2017;12017;258;222;226
25/01/2017;1;2017;12017;258;222;226
26/01/2017;1;2017;12017;256;221;225
27/01/2017;1;2017;12017;235;203;206
30/01/2017;1;2017;12017;250;215;219
31/01/2017;1;2017;12017;258;222;226
01/02/2017;2;2017;22017;258;222;226
02/02/2017;2;2017;22017;256;221;225
03/02/2017;2;2017;22017;235;203;206
06/02/2017;2;2017;22017;250;215;219
07/02/2017;2;2017;22017;258;222;226
08/02/2017;2;2017;22017;258;222;226
09/02/2017;2;2017;22017;256;221;225
10/02/2017;2;2017;22017;235;203;206
13/02/2017;2;2017;22017;250;215;219
14/02/2017;2;2017;22017;258;222;226
15/02/2017;2;2017;22017;258;222;226
16/02/2017;2;2017;22017;256;221;225
17/02/2017;2;2017;22017;235;203;206
20/02/2017;2;2017;22017;250;215;219
21/02/2017;2;2017;22017;258;222;226
22/02/2017;2;2017;22017;258;222;226
23/02/2017;2;2017;22017;256;221;225
24/02/2017;2;2017;22017;235;203;206
27/02/2017;2;2017;22017;250;215;219
28/02/2017;2;2017;22017;258;222;226
01/03/2017;3;2017;32017;258;222;226
02/03/2017;3;2017;32017;256;221;225
03/03/2017;3;2017;32017;235;203;206
06/03/2017;3;2017;32017;250;215;219
07/03/2017;3;2017;32017;258;222;226
08/03/2017;3;2017;32017;258;222;226
09/03/2017;3;2017;32017;256;221;225
10/03/2017;3;2017;32017;235;203;206
13/03/2017;3;2017;32017;250;215;219
14/03/2017;3;2017;32017;258;222;226
15/03/2017;3;2017;32017;258;222;226
16/03/2017;3;2017;32017;256;221;225
17/03/2017;3;2017;32017;235;203;206
20/03/2017;3;2017;32017;250;215;219
21/03/2017;3;2017;32017;258;222;226
22/03/2017;3;2017;32017;258;222;226
23/03/2017;3;2017;32017;256;221;225
24/03/2017;3;2017;32017;235;203;206
27/03/2017;3;2017;32017;250;215;219
28/03/2017;3;2017;32017;258;222;226
29/03/2017;3;2017;32017;258;222;226
30/03/2017;3;2017;32017;256;221;225
31/03/2017;3;2017;32017;235;203;206
03/04/2017;4;2017;42017;250;215;219
04/04/2017;4;2017;42017;258;222;226
05/04/2017;4;2017;42017;258;222;226
06/04/2017;4;2017;42017;256;221;225
07/04/2017;4;2017;42017;235;203;206
10/04/2017;4;2017;42017;250;215;219
11/04/2017;4;2017;42017;258;222;226
12/04/2017;4;2017;42017;258;222;226
13/04/2017;4;2017;42017;256;221;225
14/04/2017;4;2017;42017;235;203;206
17/04/2017;4;2017;42017;250;215;219
18/04/2017;4;2017;42017;258;222;226
19/04/2017;4;2017;42017;258;222;226
20/04/2017;4;2017;42017;256;221;225
21/04/2017;4;2017;42017;235;203;206
24/04/2017;4;2017;42017;250;215;219
25/04/2017;4;2017;42017;258;222;226
26/04/2017;4;2017;42017;258;222;226
27/04/2017;4;2017;42017;256;221;225
28/04/2017;4;2017;42017;235;203;206
01/05/2017;5;2017;52017;250;215;219
02/05/2017;5;2017;52017;258;222;226
03/05/2017;5;2017;52017;258;222;226
04/05/2017;5;2017;52017;256;221;225
05/05/2017;5;2017;52017;235;203;206
08/05/2017;5;2017;52017;250;215;219
09/05/2017;5;2017;52017;258;222;226
10/05/2017;5;2017;52017;258;222;226
11/05/2017;5;2017;52017;256;221;225
12/05/2017;5;2017;52017;235;203;206
15/05/2017;5;2017;52017;250;215;219
16/05/2017;5;2017;52017;258;222;226
17/05/2017;5;2017;52017;258;222;226
18/05/2017;5;2017;52017;256;221;225
19/05/2017;5;2017;52017;235;203;206
22/05/2017;5;2017;52017;250;215;219
23/05/2017;5;2017;52017;258;222;226
24/05/2017;5;2017;52017;258;222;226
25/05/2017;5;2017;52017;256;221;225
26/05/2017;5;2017;52017;235;203;206
29/05/2017;5;2017;52017;250;215;219
30/05/2017;5;2017;52017;258;222;226
31/05/2017;5;2017;52017;258;222;226
01/06/2017;6;2017;62017;256;221;225
02/06/2017;6;2017;62017;235;203;206
05/06/2017;6;2017;62017;250;215;219
06/06/2017;6;2017;62017;258;222;226
07/06/2017;6;2017;62017;258;222;226
08/06/2017;6;2017;62017;256;221;225
09/06/2017;6;2017;62017;235;203;206
12/06/2017;6;2017;62017;250;215;219
13/06/2017;6;2017;62017;258;222;226
14/06/2017;6;2017;62017;258;222;226
15/06/2017;6;2017;62017;256;221;225
16/06/2017;6;2017;62017;235;203;206
19/06/2017;6;2017;62017;250;215;219
20/06/2017;6;2017;62017;258;222;226
21/06/2017;6;2017;62017;258;222;226
22/06/2017;6;2017;62017;256;221;225
23/06/2017;6;2017;62017;235;203;206
26/06/2017;6;2017;62017;250;215;219
27/06/2017;6;2017;62017;258;222;226
28/06/2017;6;2017;62017;258;222;226
29/06/2017;6;2017;62017;256;221;225
30/06/2017;6;2017;62017;235;203;206
03/07/2017;7;2017;72017;250;215;219
04/07/2017;7;2017;72017;258;222;226
05/07/2017;7;2017;72017;258;222;226
06/07/2017;7;2017;72017;256;221;225
07/07/2017;7;2017;72017;235;203;206
10/07/2017;7;2017;72017;250;215;219
11/07/2017;7;2017;72017;258;222;226
12/07/2017;7;2017;72017;258;222;226
13/07/2017;7;2017;72017;256;221;225
14/07/2017;7;2017;72017;235;203;206
17/07/2017;7;2017;72017;250;215;219
18/07/2017;7;2017;72017;258;222;226
19/07/2017;7;2017;72017;258;222;226
20/07/2017;7;2017;72017;256;221;225
21/07/2017;7;2017;72017;235;203;206
24/07/2017;7;2017;72017;250;215;219
25/07/2017;7;2017;72017;258;222;226
26/07/2017;7;2017;72017;258;222;226
27/07/2017;7;2017;72017;256;221;225
28/07/2017;7;2017;72017;235;203;206
31/07/2017;7;2017;72017;250;215;219
01/08/2017;8;2017;82017;258;222;226
02/08/2017;8;2017;82017;258;222;226
03/08/2017;8;2017;82017;256;221;225
04/08/2017;8;2017;82017;235;203;206
07/08/2017;8;2017;82017;250;215;219
08/08/2017;8;2017;82017;258;222;226
09/08/2017;8;2017;82017;258;222;226
10/08/2017;8;2017;82017;256;221;225
11/08/2017;8;2017;82017;235;203;206
14/08/2017;8;2017;82017;250;215;219
15/08/2017;8;2017;82017;258;222;226
16/08/2017;8;2017;82017;258;222;226
17/08/2017;8;2017;82017;256;221;225
18/08/2017;8;2017;82017;235;203;206
21/08/2017;8;2017;82017;250;215;219
22/08/2017;8;2017;82017;258;222;226
23/08/2017;8;2017;82017;258;222;226
24/08/2017;8;2017;82017;256;221;225
25/08/2017;8;2017;82017;235;203;206
28/08/2017;8;2017;82017;250;215;219
29/08/2017;8;2017;82017;258;222;226
30/08/2017;8;2017;82017;258;222;226
31/08/2017;8;2017;82017;256;221;225
01/09/2017;9;2017;92017;235;203;206
04/09/2017;9;2017;92017;250;215;219
05/09/2017;9;2017;92017;258;222;226
06/09/2017;9;2017;92017;258;222;226
07/09/2017;9;2017;92017;256;221;225
08/09/2017;9;2017;92017;235;203;206
11/09/2017;9;2017;92017;250;215;219
12/09/2017;9;2017;92017;258;222;226
13/09/2017;9;2017;92017;258;222;226
14/09/2017;9;2017;92017;256;221;225
15/09/2017;9;2017;92017;235;203;206
18/09/2017;9;2017;92017;250;215;219
19/09/2017;9;2017;92017;258;222;226
20/09/2017;9;2017;92017;258;222;226
21/09/2017;9;2017;92017;256;221;225
22/09/2017;9;2017;92017;235;203;206
25/09/2017;9;2017;92017;250;215;219
26/09/2017;9;2017;92017;258;222;226
27/09/2017;9;2017;92017;258;222;226
28/09/2017;9;2017;92017;256;221;225
29/09/2017;9;2017;92017;235;203;206
02/10/2017;10;2017;102017;250;215;219
03/10/2017;10;2017;102017;258;222;226
04/10/2017;10;2017;102017;258;222;226
05/10/2017;10;2017;102017;256;221;225
06/10/2017;10;2017;102017;235;203;206
09/10/2017;10;2017;102017;250;215;219
10/10/2017;10;2017;102017;258;222;226
11/10/2017;10;2017;102017;258;222;226
12/10/2017;10;2017;102017;256;221;225
13/10/2017;10;2017;102017;235;203;206
16/10/2017;10;2017;102017;250;215;219
17/10/2017;10;2017;102017;258;222;226
18/10/2017;10;2017;102017;258;222;226
19/10/2017;10;2017;102017;256;221;225
20/10/2017;10;2017;102017;235;203;206
23/10/2017;10;2017;102017;250;215;219
24/10/2017;10;2017;102017;258;222;226
25/10/2017;10;2017;102017;258;222;226
26/10/2017;10;2017;102017;256;221;225
27/10/2017;10;2017;102017;235;203;206
30/10/2017;10;2017;102017;250;215;219
31/10/2017;10;2017;102017;258;222;226
01/11/2017;11;2017;112017;258;222;226
02/11/2017;11;2017;112017;256;221;225
03/11/2017;11;2017;112017;235;203;206
06/11/2017;11;2017;112017;250;215;219
07/11/2017;11;2017;112017;258;222;226
08/11/2017;11;2017;112017;258;222;226
09/11/2017;11;2017;112017;256;221;225
10/11/2017;11;2017;112017;235;203;206
13/11/2017;11;2017;112017;250;215;219
14/11/2017;11;2017;112017;258;222;226
15/11/2017;11;2017;112017;258;222;226
16/11/2017;11;2017;112017;256;221;225
17/11/2017;11;2017;112017;235;203;206
20/11/2017;11;2017;112017;250;215;219
21/11/2017;11;2017;112017;258;222;226
22/11/2017;11;2017;112017;258;222;226
23/11/2017;11;2017;112017;256;221;225
24/11/2017;11;2017;112017;235;203;206
27/11/2017;11;2017;112017;250;215;219
28/11/2017;11;2017;112017;258;222;226
29/11/2017;11;2017;112017;258;222;226
30/11/2017;11;2017;112017;256;221;225
01/12/2017;12;2017;122017;235;203;206
04/12/2017;12;2017;122017;250;215;219
05/12/2017;12;2017;122017;258;222;226
06/12/2017;12;2017;122017;258;222;226
07/12/2017;12;2017;122017;256;221;225
08/12/2017;12;2017;122017;235;203;206
11/12/2017;12;2017;122017;250;215;219
12/12/2017;12;2017;122017;258;222;226
13/12/2017;12;2017;122017;258;222;226
14/12/2017;12;2017;122017;256;221;225
15/12/2017;12;2017;122017;235;203;206
18/12/2017;12;2017;122017;250;215;219
19/12/2017;12;2017;122017;258;222;226
20/12/2017;12;2017;122017;258;222;226
21/12/2017;12;2017;122017;256;221;225
22/12/2017;12;2017;122017;235;203;206
25/12/2017;12;2017;122017;250;215;219
26/12/2017;12;2017;122017;258;222;226
27/12/2017;12;2017;122017;258;222;226
28/12/2017;12;2017;122017;256;221;225
29/12/2017;12;2017;122017;235;203;206
01/01/2018;1;2018;12018;245;251;260
02/01/2018;1;2018;12018;258;265;274
03/01/2018;1;2018;12018;257;264;274
04/01/2018;1;2018;12018;256;263;272
05/01/2018;1;2018;12018;235;241;250
08/01/2018;1;2018;12018;245;251;260
09/01/2018;1;2018;12018;258;265;274
10/01/2018;1;2018;12018;257;264;274
11/01/2018;1;2018;12018;256;263;272
12/01/2018;1;2018;12018;235;241;250
15/01/2018;1;2018;12018;245;251;260
16/01/2018;1;2018;12018;258;265;274
17/01/2018;1;2018;12018;257;264;274
18/01/2018;1;2018;12018;256;263;272
19/01/2018;1;2018;12018;235;241;250
22/01/2018;1;2018;12018;245;251;260
23/01/2018;1;2018;12018;258;265;274
24/01/2018;1;2018;12018;257;264;274
25/01/2018;1;2018;12018;256;263;272
26/01/2018;1;2018;12018;235;241;250
29/01/2018;1;2018;12018;245;251;260
30/01/2018;1;2018;12018;258;265;274
31/01/2018;1;2018;12018;257;264;274
01/02/2018;2;2018;22018;256;263;272
02/02/2018;2;2018;22018;235;241;250
05/02/2018;2;2018;22018;245;251;260
06/02/2018;2;2018;22018;258;265;274
07/02/2018;2;2018;22018;257;264;274
08/02/2018;2;2018;22018;256;263;272
09/02/2018;2;2018;22018;235;241;250
12/02/2018;2;2018;22018;245;251;260
13/02/2018;2;2018;22018;258;265;274
14/02/2018;2;2018;22018;257;264;274
15/02/2018;2;2018;22018;256;263;272
16/02/2018;2;2018;22018;235;241;250
19/02/2018;2;2018;22018;245;251;260
20/02/2018;2;2018;22018;258;265;274
21/02/2018;2;2018;22018;257;264;274
22/02/2018;2;2018;22018;256;263;272
23/02/2018;2;2018;22018;235;241;250
26/02/2018;2;2018;22018;245;251;260
27/02/2018;2;2018;22018;258;265;274
28/02/2018;2;2018;22018;257;264;274
01/03/2018;3;2018;32018;256;263;272
02/03/2018;3;2018;32018;235;241;250
05/03/2018;3;2018;32018;245;251;260
06/03/2018;3;2018;32018;258;265;274
07/03/2018;3;2018;32018;257;264;274
08/03/2018;3;2018;32018;256;263;272
09/03/2018;3;2018;32018;235;241;250
12/03/2018;3;2018;32018;245;251;260
13/03/2018;3;2018;32018;258;265;274
14/03/2018;3;2018;32018;257;264;274
15/03/2018;3;2018;32018;256;263;272
16/03/2018;3;2018;32018;235;241;250
19/03/2018;3;2018;32018;245;251;260
20/03/2018;3;2018;32018;258;265;274
21/03/2018;3;2018;32018;257;264;274
22/03/2018;3;2018;32018;256;263;272
23/03/2018;3;2018;32018;235;241;250
26/03/2018;3;2018;32018;245;251;260
27/03/2018;3;2018;32018;258;265;274
28/03/2018;3;2018;32018;257;264;274
29/03/2018;3;2018;32018;256;263;272
30/03/2018;3;2018;32018;235;241;250
02/04/2018;4;2018;42018;245;251;260
03/04/2018;4;2018;42018;258;265;274
04/04/2018;4;2018;42018;257;264;274
05/04/2018;4;2018;42018;256;263;272
06/04/2018;4;2018;42018;235;241;250
09/04/2018;4;2018;42018;245;251;260
10/04/2018;4;2018;42018;258;265;274
11/04/2018;4;2018;42018;257;264;274
12/04/2018;4;2018;42018;256;263;272
13/04/2018;4;2018;42018;235;241;250
16/04/2018;4;2018;42018;245;251;260
17/04/2018;4;2018;42018;258;265;274
18/04/2018;4;2018;42018;257;264;274
19/04/2018;4;2018;42018;256;263;272
20/04/2018;4;2018;42018;235;241;250
23/04/2018;4;2018;42018;245;251;260
24/04/2018;4;2018;42018;258;265;274
25/04/2018;4;2018;42018;257;264;274
26/04/2018;4;2018;42018;256;263;272
27/04/2018;4;2018;42018;235;241;250
30/04/2018;4;2018;42018;245;251;260
01/05/2018;5;2018;52018;258;265;274
02/05/2018;5;2018;52018;257;264;274
03/05/2018;5;2018;52018;256;263;272
04/05/2018;5;2018;52018;235;241;250
07/05/2018;5;2018;52018;245;251;260
08/05/2018;5;2018;52018;258;265;274
09/05/2018;5;2018;52018;257;264;274
10/05/2018;5;2018;52018;256;263;272
11/05/2018;5;2018;52018;235;241;250
14/05/2018;5;2018;52018;245;251;260
15/05/2018;5;2018;52018;258;265;274
16/05/2018;5;2018;52018;257;264;274
17/05/2018;5;2018;52018;256;263;272
18/05/2018;5;2018;52018;235;241;250
21/05/2018;5;2018;52018;245;251;260
22/05/2018;5;2018;52018;258;265;274
23/05/2018;5;2018;52018;257;264;274
24/05/2018;5;2018;52018;256;263;272
25/05/2018;5;2018;52018;235;241;250
28/05/2018;5;2018;52018;245;251;260
29/05/2018;5;2018;52018;258;265;274
30/05/2018;5;2018;52018;257;264;274
31/05/2018;5;2018;52018;256;263;272
01/06/2018;6;2018;62018;235;241;250
04/06/2018;6;2018;62018;245;251;260
05/06/2018;6;2018;62018;258;265;274
06/06/2018;6;2018;62018;257;264;274
07/06/2018;6;2018;62018;256;263;272
08/06/2018;6;2018;62018;235;241;250
11/06/2018;6;2018;62018;245;251;260
12/06/2018;6;2018;62018;258;265;274
13/06/2018;6;2018;62018;257;264;274
14/06/2018;6;2018;62018;256;263;272
15/06/2018;6;2018;62018;235;241;250
18/06/2018;6;2018;62018;245;251;260
19/06/2018;6;2018;62018;258;265;274
20/06/2018;6;2018;62018;257;264;274
21/06/2018;6;2018;62018;256;263;272
22/06/2018;6;2018;62018;235;241;250
25/06/2018;6;2018;62018;245;251;260
26/06/2018;6;2018;62018;258;265;274
27/06/2018;6;2018;62018;257;264;274
28/06/2018;6;2018;62018;256;263;272
29/06/2018;6;2018;62018;235;241;250
02/07/2018;7;2018;72018;245;251;260
03/07/2018;7;2018;72018;258;265;274
04/07/2018;7;2018;72018;257;264;274
05/07/2018;7;2018;72018;256;263;272
06/07/2018;7;2018;72018;235;241;250
09/07/2018;7;2018;72018;245;251;260
10/07/2018;7;2018;72018;258;265;274
11/07/2018;7;2018;72018;257;264;274
12/07/2018;7;2018;72018;256;263;272
13/07/2018;7;2018;72018;235;241;250
16/07/2018;7;2018;72018;245;251;260
17/07/2018;7;2018;72018;258;265;274
18/07/2018;7;2018;72018;257;264;274
19/07/2018;7;2018;72018;256;263;272
20/07/2018;7;2018;72018;235;241;250
23/07/2018;7;2018;72018;245;251;260
24/07/2018;7;2018;72018;258;265;274
25/07/2018;7;2018;72018;257;264;274
26/07/2018;7;2018;72018;256;263;272
27/07/2018;7;2018;72018;235;241;250
30/07/2018;7;2018;72018;245;251;260
31/07/2018;7;2018;72018;258;265;274
01/08/2018;8;2018;82018;257;264;274
02/08/2018;8;2018;82018;256;263;272
03/08/2018;8;2018;82018;235;241;250
06/08/2018;8;2018;82018;245;251;260
07/08/2018;8;2018;82018;258;265;274
08/08/2018;8;2018;82018;257;264;274
09/08/2018;8;2018;82018;256;263;272
10/08/2018;8;2018;82018;235;241;250
13/08/2018;8;2018;82018;245;251;260
14/08/2018;8;2018;82018;258;265;274
15/08/2018;8;2018;82018;257;264;274
16/08/2018;8;2018;82018;256;263;272
17/08/2018;8;2018;82018;235;241;250
20/08/2018;8;2018;82018;245;251;260
21/08/2018;8;2018;82018;258;265;274
22/08/2018;8;2018;82018;257;264;274
23/08/2018;8;2018;82018;256;263;272
24/08/2018;8;2018;82018;235;241;250
27/08/2018;8;2018;82018;245;251;260
28/08/2018;8;2018;82018;258;265;274
29/08/2018;8;2018;82018;257;264;274
30/08/2018;8;2018;82018;256;263;272
31/08/2018;8;2018;82018;235;241;250
03/09/2018;9;2018;92018;245;251;260
04/09/2018;9;2018;92018;258;265;274
05/09/2018;9;2018;92018;257;264;274
06/09/2018;9;2018;92018;256;263;272
07/09/2018;9;2018;92018;235;241;250
10/09/2018;9;2018;92018;245;251;260
11/09/2018;9;2018;92018;258;265;274
12/09/2018;9;2018;92018;257;264;274
13/09/2018;9;2018;92018;256;263;272
14/09/2018;9;2018;92018;235;241;250
17/09/2018;9;2018;92018;245;251;260
18/09/2018;9;2018;92018;258;265;274
19/09/2018;9;2018;92018;257;264;274
20/09/2018;9;2018;92018;256;263;272
21/09/2018;9;2018;92018;235;241;250
24/09/2018;9;2018;92018;245;251;260
25/09/2018;9;2018;92018;258;265;274
26/09/2018;9;2018;92018;257;264;274
27/09/2018;9;2018;92018;256;263;272
28/09/2018;9;2018;92018;235;241;250
01/10/2018;10;2018;102018;245;251;260
02/10/2018;10;2018;102018;258;265;274
03/10/2018;10;2018;102018;257;264;274
04/10/2018;10;2018;102018;256;263;272
05/10/2018;10;2018;102018;235;241;250
08/10/2018;10;2018;102018;245;251;260
09/10/2018;10;2018;102018;258;265;274
10/10/2018;10;2018;102018;257;264;274
11/10/2018;10;2018;102018;256;263;272
12/10/2018;10;2018;102018;235;241;250
15/10/2018;10;2018;102018;245;251;260
16/10/2018;10;2018;102018;258;265;274
17/10/2018;10;2018;102018;257;264;274
18/10/2018;10;2018;102018;256;263;272
19/10/2018;10;2018;102018;235;241;250
22/10/2018;10;2018;102018;245;251;260
23/10/2018;10;2018;102018;258;265;274
24/10/2018;10;2018;102018;257;264;274
25/10/2018;10;2018;102018;256;263;272
26/10/2018;10;2018;102018;235;241;250
29/10/2018;10;2018;102018;245;251;260
30/10/2018;10;2018;102018;258;265;274
31/10/2018;10;2018;102018;257;264;274
01/11/2018;11;2018;112018;256;263;272
02/11/2018;11;2018;112018;235;241;250
05/11/2018;11;2018;112018;245;251;260
06/11/2018;11;2018;112018;258;265;274
07/11/2018;11;2018;112018;257;264;274
08/11/2018;11;2018;112018;256;263;272
09/11/2018;11;2018;112018;235;241;250
12/11/2018;11;2018;112018;245;251;260
13/11/2018;11;2018;112018;258;265;274
14/11/2018;11;2018;112018;257;264;274
15/11/2018;11;2018;112018;256;263;272
16/11/2018;11;2018;112018;235;241;250
19/11/2018;11;2018;112018;245;251;260
20/11/2018;11;2018;112018;258;265;274
21/11/2018;11;2018;112018;257;264;274
22/11/2018;11;2018;112018;256;263;272
23/11/2018;11;2018;112018;235;241;250
26/11/2018;11;2018;112018;245;251;260
27/11/2018;11;2018;112018;258;265;274
28/11/2018;11;2018;112018;257;264;274
29/11/2018;11;2018;112018;256;263;272
30/11/2018;11;2018;112018;235;241;250
03/12/2018;12;2018;122018;245;251;260
04/12/2018;12;2018;122018;258;265;274
05/12/2018;12;2018;122018;257;264;274
06/12/2018;12;2018;122018;256;263;272
07/12/2018;12;2018;122018;235;241;250
10/12/2018;12;2018;122018;245;251;260
11/12/2018;12;2018;122018;258;265;274
12/12/2018;12;2018;122018;257;264;274
13/12/2018;12;2018;122018;256;263;272
14/12/2018;12;2018;122018;235;241;250
17/12/2018;12;2018;122018;245;251;260
18/12/2018;12;2018;122018;258;265;274
19/12/2018;12;2018;122018;257;264;274
20/12/2018;12;2018;122018;256;263;272
21/12/2018;12;2018;122018;235;241;250
24/12/2018;12;2018;122018;245;251;260
25/12/2018;12;2018;122018;258;265;274
26/12/2018;12;2018;122018;257;264;274
27/12/2018;12;2018;122018;256;263;272
28/12/2018;12;2018;122018;235;241;250
31/12/2018;12;2018;122018;245;251;260
10/01/2019;1;2019;12019;3;6;5
11/01/2019;1;2019;12019;24;26;24
14/01/2019;1;2019;12019;50;60;50
15/01/2019;1;2019;12019;55;67;55
16/01/2019;1;2019;12019;126;141;81
17/01/2019;1;2019;12019;277;267;139
18/01/2019;1;2019;12019;272;315;165
19/01/2019;1;2019;12019;60;72;31
21/01/2019;1;2019;12019;355;413;184
22/01/2019;1;2019;12019;390;232;219
23/01/2019;1;2019;12019;239;484;104
24/01/2019;1;2019;12019;325;355;155
25/01/2019;1;2019;12019;226;258;116
28/01/2019;1;2019;12019;379;446;206
29/01/2019;1;2019;12019;308;370;180
30/01/2019;1;2019;12019;340;385;181
31/01/2019;1;2019;12019;317;369;167
01/02/2019;2;2019;22019;282;271;317
02/02/2019;2;2019;22019;159;160;189
04/02/2019;2;2019;22019;289;303;302
05/02/2019;2;2019;22019;218;282;322
06/02/2019;2;2019;22019;373;239;299
07/02/2019;2;2019;22019;274;268;284
08/02/2019;2;2019;22019;305;272;303
09/02/2019;2;2019;22019;117;103;121
11/02/2019;2;2019;22019;295;278;322
12/02/2019;2;2019;22019;323;290;338
13/02/2019;2;2019;22019;294;270;304
14/02/2019;2;2019;22019;337;315;361
15/02/2019;2;2019;22019;309;345;311
16/02/2019;2;2019;22019;83;118;90
18/02/2019;2;2019;22019;262;438;330
19/02/2019;2;2019;22019;271;395;311
20/02/2019;2;2019;22019;230;379;283
21/02/2019;2;2019;22019;226;367;272
22/02/2019;2;2019;22019;304;384;314
23/02/2019;2;2019;22019;95;141;115
25/02/2019;2;2019;22019;255;420;308
26/02/2019;2;2019;22019;232;397;298
27/02/2019;2;2019;22019;226;376;289
28/02/2019;2;2019;22019;241;381;294
01/03/2019;3;2019;32019;309;336;301
02/03/2019;3;2019;32019;31;40;33
05/03/2019;3;2019;32019;5;0;5
06/03/2019;3;2019;32019;71;83;69
07/03/2019;3;2019;32019;265;330;251
08/03/2019;3;2019;32019;278;323;313
09/03/2019;3;2019;32019;151;179;146
11/03/2019;3;2019;32019;289;355;282
12/03/2019;3;2019;32019;244;315;243
13/03/2019;3;2019;32019;261;306;251
14/03/2019;3;2019;32019;256;302;244
15/03/2019;3;2019;32019;195;254;196
18/03/2019;3;2019;32019;310;480;330
19/03/2019;3;2019;32019;257;406;273
20/03/2019;3;2019;32019;272;389;300
21/03/2019;3;2019;32019;295;447;214
22/03/2019;3;2019;32019;94;164;103
25/03/2019;3;2019;32019;280;442;300
26/03/2019;3;2019;32019;300;457;268
27/03/2019;3;2019;32019;258;418;247
28/03/2019;3;2019;32019;269;402;330
29/03/2019;3;2019;32019;138;119;142
30/03/2019;3;2019;32019;1;0;1
31/03/2019;3;2019;32019;17;18;23
01/04/2019;4;2019;42019;343;274;356
02/04/2019;4;2019;42019;397;226;337
03/04/2019;4;2019;42019;349;227;334
04/04/2019;4;2019;42019;378;249;367
05/04/2019;4;2019;42019;161;135;148
08/04/2019;4;2019;42019;370;243;383
09/04/2019;4;2019;42019;311;214;344
10/04/2019;4;2019;42019;393;263;396
11/04/2019;4;2019;42019;362;252;371
12/04/2019;4;2019;42019;79;349;472
13/04/2019;4;2019;42019;132;68;74
15/04/2019;4;2019;42019;431;256;349
16/04/2019;4;2019;42019;349;240;358
17/04/2019;4;2019;42019;342;232;328
18/04/2019;4;2019;42019;349;258;363
19/04/2019;4;2019;42019;46;55;54
22/04/2019;4;2019;42019;260;304;302
23/04/2019;4;2019;42019;306;296;331
24/04/2019;4;2019;42019;320;336;311
25/04/2019;4;2019;42019;295;314;287
26/04/2019;4;2019;42019;285;305;268
27/04/2019;4;2019;42019;114;128;117
29/04/2019;4;2019;42019;312;371;324
30/04/2019;4;2019;42019;289;306;264
01/05/2019;5;2019;52019;15;18;16
02/05/2019;5;2019;52019;305;295;311
03/05/2019;5;2019;52019;219;218;222
08/05/2019;5;2019;52019;3;4;0
14/05/2019;5;2019;52019;4;6;7
15/05/2019;5;2019;52019;15;18;15
16/05/2019;5;2019;52019;222;199;285
17/05/2019;5;2019;52019;254;275;335
18/05/2019;5;2019;52019;140;153;152
20/05/2019;5;2019;52019;300;368;294
21/05/2019;5;2019;52019;280;297;318
22/05/2019;5;2019;52019;300;391;273
23/05/2019;5;2019;52019;262;316;295
24/05/2019;5;2019;52019;295;320;297
25/05/2019;5;2019;52019;259;320;222
27/05/2019;5;2019;52019;390;510;214
28/05/2019;5;2019;52019;311;448;185
29/05/2019;5;2019;52019;247;332;135
30/05/2019;5;2019;52019;315;440;174
31/05/2019;5;2019;52019;311;394;232
01/06/2019;6;2019;62019;202;230;214
03/06/2019;6;2019;62019;232;426;316
04/06/2019;6;2019;62019;280;363;304
05/06/2019;6;2019;62019;280;362;281
06/06/2019;6;2019;62019;333;336;256
07/06/2019;6;2019;62019;319;333;264
08/06/2019;6;2019;62019;277;363;264
10/06/2019;6;2019;62019;345;441;315
11/06/2019;6;2019;62019;308;336;268
12/06/2019;6;2019;62019;389;364;253
13/06/2019;6;2019;62019;349;306;293
14/06/2019;6;2019;62019;313;334;271
15/06/2019;6;2019;62019;427;323;228
17/06/2019;6;2019;62019;454;386;265
18/06/2019;6;2019;62019;359;321;208
19/06/2019;6;2019;62019;385;350;264
20/06/2019;6;2019;62019;449;330;211
21/06/2019;6;2019;62019;433;339;165
22/06/2019;6;2019;62019;96;58;66
24/06/2019;6;2019;62019;2;0;3
25/06/2019;6;2019;62019;405;234;293
26/06/2019;6;2019;62019;358;226;260
27/06/2019;6;2019;62019;321;267;274
28/06/2019;6;2019;62019;289;368;225
29/06/2019;6;2019;62019;109;124;87
30/06/2019;6;2019;62019;60;47;49
01/07/2019;7;2019;72019;337;321;351
02/07/2019;7;2019;72019;344;268;345
03/07/2019;7;2019;72019;337;312;363
04/07/2019;7;2019;72019;336;282;344
05/07/2019;7;2019;72019;97;79;81
08/07/2019;7;2019;72019;420;315;326
09/07/2019;7;2019;72019;422;324;196
10/07/2019;7;2019;72019;442;309;196
11/07/2019;7;2019;72019;462;257;208
12/07/2019;7;2019;72019;140;115;124
15/07/2019;7;2019;72019;421;344;329
16/07/2019;7;2019;72019;385;281;332
17/07/2019;7;2019;72019;385;300;309
18/07/2019;7;2019;72019;378;299;306
19/07/2019;7;2019;72019;382;291;318
20/07/2019;7;2019;72019;77;57;68
22/07/2019;7;2019;72019;455;286;382
23/07/2019;7;2019;72019;361;225;312
24/07/2019;7;2019;72019;376;232;324
25/07/2019;7;2019;72019;376;234;349
26/07/2019;7;2019;72019;362;234;333
27/07/2019;7;2019;72019;55;47;72
29/07/2019;7;2019;72019;336;318;456
30/07/2019;7;2019;72019;320;261;397
31/07/2019;7;2019;72019;379;327;296
01/08/2019;8;2019;82019;352;320;303
02/08/2019;8;2019;82019;318;268;260
03/08/2019;8;2019;82019;125;134;138
05/08/2019;8;2019;82019;302;343;337
06/08/2019;8;2019;82019;294;352;321
07/08/2019;8;2019;82019;289;317;323
08/08/2019;8;2019;82019;287;354;327
09/08/2019;8;2019;82019;279;325;316
10/08/2019;8;2019;82019;142;139;127
12/08/2019;8;2019;82019;385;401;341
13/08/2019;8;2019;82019;319;340;314
14/08/2019;8;2019;82019;326;335;301
15/08/2019;8;2019;82019;316;352;318
16/08/2019;8;2019;82019;316;363;347
17/08/2019;8;2019;82019;70;99;56
19/08/2019;8;2019;82019;293;510;282
20/08/2019;8;2019;82019;303;418;277
21/08/2019;8;2019;82019;249;410;350
22/08/2019;8;2019;82019;300;356;336
23/08/2019;8;2019;82019;99;117;99
26/08/2019;8;2019;82019;316;387;355
27/08/2019;8;2019;82019;292;373;330
28/08/2019;8;2019;82019;254;437;296
29/08/2019;8;2019;82019;262;379;286
30/08/2019;8;2019;82019;139;216;119
01/09/2019;9;2019;92019;39;55;34
02/09/2019;9;2019;92019;282;425;224
03/09/2019;9;2019;92019;259;383;199
04/09/2019;9;2019;92019;311;468;254
05/09/2019;9;2019;92019;306;461;240
06/09/2019;9;2019;92019;288;480;186
09/09/2019;9;2019;92019;249;388;177
10/09/2019;9;2019;92019;267;441;222
11/09/2019;9;2019;92019;275;420;205
12/09/2019;9;2019;92019;66;110;49
13/09/2019;9;2019;92019;134;187;53
16/09/2019;9;2019;92019;252;375;102
17/09/2019;9;2019;92019;340;498;145
18/09/2019;9;2019;92019;312;465;129
19/09/2019;9;2019;92019;344;495;132
20/09/2019;9;2019;92019;153;285;63
23/09/2019;9;2019;92019;285;630;198
24/09/2019;9;2019;92019;251;598;196
25/09/2019;9;2019;92019;200;413;174
26/09/2019;9;2019;92019;259;521;224
27/09/2019;9;2019;92019;132;116;105
30/09/2019;9;2019;92019;0;6;1
01/10/2019;10;2019;102019;376;252;286
02/10/2019;10;2019;102019;385;266;293
03/10/2019;10;2019;102019;380;264;292
04/10/2019;10;2019;102019;400;157;286
05/10/2019;10;2019;102019;168;131;143
07/10/2019;10;2019;102019;412;379;332
08/10/2019;10;2019;102019;318;294;251
09/10/2019;10;2019;102019;371;337;295
10/10/2019;10;2019;102019;347;310;286
11/10/2019;10;2019;102019;384;358;305
12/10/2019;10;2019;102019;49;47;38
14/10/2019;10;2019;102019;449;379;344
15/10/2019;10;2019;102019;407;342;314
16/10/2019;10;2019;102019;373;322;287
17/10/2019;10;2019;102019;290;332;323
18/10/2019;10;2019;102019;437;263;220
19/10/2019;10;2019;102019;396;330;295
21/10/2019;10;2019;102019;385;430;387
22/10/2019;10;2019;102019;319;344;310
23/10/2019;10;2019;102019;308;343;319
24/10/2019;10;2019;102019;334;351;323
25/10/2019;10;2019;102019;318;328;254
26/10/2019;10;2019;102019;280;335;322
28/10/2019;10;2019;102019;354;416;448
29/10/2019;10;2019;102019;288;338;358
30/10/2019;10;2019;102019;252;278;311
31/10/2019;10;2019;102019;368;317;251
09/11/2019;11;2019;112019;41;52;47
11/11/2019;11;2019;112019;326;347;383
12/11/2019;11;2019;112019;263;274;314
13/11/2019;11;2019;112019;278;313;334
14/11/2019;11;2019;112019;234;259;296
15/11/2019;11;2019;112019;65;67;77
16/11/2019;11;2019;112019;101;102;94
18/11/2019;11;2019;112019;372;427;149
19/11/2019;11;2019;112019;421;459;101
20/11/2019;11;2019;112019;339;380;82
21/11/2019;11;2019;112019;439;442;116
22/11/2019;11;2019;112019;410;438;116
23/11/2019;11;2019;112019;341;383;149
25/11/2019;11;2019;112019;473;438;260
26/11/2019;11;2019;112019;356;299;252
27/11/2019;11;2019;112019;411;348;299
28/11/2019;11;2019;112019;406;357;289
29/11/2019;11;2019;112019;365;321;256
30/11/2019;11;2019;112019;373;370;232
01/12/2019;12;2019;122019;90;91;55
02/12/2019;12;2019;122019;305;319;322
03/12/2019;12;2019;122019;303;295;332
04/12/2019;12;2019;122019;320;328;346
05/12/2019;12;2019;122019;367;339;329
06/12/2019;12;2019;122019;289;293;279
07/12/2019;12;2019;122019;303;295;311
09/12/2019;12;2019;122019;365;370;348
10/12/2019;12;2019;122019;335;327;314
11/12/2019;12;2019;122019;344;341;331
12/12/2019;12;2019;122019;361;338;337
13/12/2019;12;2019;122019;326;366;254
14/12/2019;12;2019;122019;316;323;375
16/12/2019;12;2019;122019;386;370;345
17/12/2019;12;2019;122019;358;382;315
18/12/2019;12;2019;122019;350;328;327
19/12/2019;12;2019;122019;321;343;320
20/12/2019;12;2019;122019;291;269;275
21/12/2019;12;2019;122019;287;271;264
23/12/2019;12;2019;122019;395;373;405
25/12/2019;12;2019;122019;2;0;4
26/12/2019;12;2019;122019;262;257;301
27/12/2019;12;2019;122019;322;284;333
28/12/2019;12;2019;122019;168;148;146
13/01/2020;1;2020;12020;15;21;14
14/01/2020;1;2020;12020;84;111;68
15/01/2020;1;2020;12020;58;105;67
16/01/2020;1;2020;12020;122;273;158
17/01/2020;1;2020;12020;257;321;200
18/01/2020;1;2020;12020;89;119;66
19/01/2020;1;2020;12020;40;31;24
20/01/2020;1;2020;12020;267;256;181
21/01/2020;1;2020;12020;266;337;264
22/01/2020;1;2020;12020;220;226;74
23/01/2020;1;2020;12020;229;304;76
24/01/2020;1;2020;12020;236;311;78
25/01/2020;1;2020;12020;292;396;100
26/01/2020;1;2020;12020;89;117;36
27/01/2020;1;2020;12020;265;305;215
28/01/2020;1;2020;12020;305;336;242
29/01/2020;1;2020;12020;230;251;167
30/01/2020;1;2020;12020;297;346;234
31/01/2020;1;2020;12020;305;381;234
01/02/2020;2;2020;22020;277;296;203
02/02/2020;2;2020;22020;50;56;47
03/02/2020;2;2020;22020;255;218;216
04/02/2020;2;2020;22020;337;278;262
05/02/2020;2;2020;22020;320;278;266
06/02/2020;2;2020;22020;336;298;285
07/02/2020;2;2020;22020;341;281;268
08/02/2020;2;2020;22020;283;308;284
09/02/2020;2;2020;22020;79;113;90
10/02/2020;2;2020;22020;210;339;251
11/02/2020;2;2020;22020;219;371;262
12/02/2020;2;2020;22020;232;375;268
13/02/2020;2;2020;22020;182;266;245
14/02/2020;2;2020;22020;252;383;338
15/02/2020;2;2020;22020;244;406;327
16/02/2020;2;2020;22020;89;143;121
17/02/2020;2;2020;22020;276;298;287
18/02/2020;2;2020;22020;351;324;279
19/02/2020;2;2020;22020;318;371;187
20/02/2020;2;2020;22020;297;357;221
21/02/2020;2;2020;22020;359;311;334
22/02/2020;2;2020;22020;139;107;73
02/03/2020;3;2020;32020;13;10;8
03/03/2020;3;2020;32020;7;1;2
04/03/2020;3;2020;32020;21;13;10
05/03/2020;3;2020;32020;252;194;137
06/03/2020;3;2020;32020;103;82;47
07/03/2020;3;2020;32020;226;163;125
08/03/2020;3;2020;32020;50;47;24
09/03/2020;3;2020;32020;375;276;189
10/03/2020;3;2020;32020;342;253;174
11/03/2020;3;2020;32020;405;325;196
12/03/2020;3;2020;32020;429;324;226
13/03/2020;3;2020;32020;374;284;192
14/03/2020;3;2020;32020;248;188;132
15/03/2020;3;2020;32020;42;33;32
16/03/2020;3;2020;32020;431;300;226
17/03/2020;3;2020;32020;399;294;206
18/03/2020;3;2020;32020;386;294;197
19/03/2020;3;2020;32020;354;277;186
20/03/2020;3;2020;32020;425;315;220
21/03/2020;3;2020;32020;149;138;96
22/03/2020;3;2020;32020;0;1;3
08/05/2020;5;2020;52020;5;5;0
11/05/2020;5;2020;52020;43;63;35
12/05/2020;5;2020;52020;180;181;128
13/05/2020;5;2020;52020;254;237;183
14/05/2020;5;2020;52020;255;327;157
15/05/2020;5;2020;52020;97;178;77
17/05/2020;5;2020;52020;6;18;10
18/05/2020;5;2020;52020;147;406;152
19/05/2020;5;2020;52020;149;415;146
20/05/2020;5;2020;52020;138;412;143
21/05/2020;5;2020;52020;158;334;150
22/05/2020;5;2020;52020;266;190;167
23/05/2020;5;2020;52020;57;61;28
26/05/2020;5;2020;52020;0;2;0
01/06/2020;6;2020;62020;0;1;0
02/06/2020;6;2020;62020;22;19;11
04/06/2020;6;2020;62020;26;15;14
05/06/2020;6;2020;62020;147;66;57
06/06/2020;6;2020;62020;2;0;0
07/06/2020;6;2020;62020;53;17;16
08/06/2020;6;2020;62020;448;128;148
09/06/2020;6;2020;62020;395;152;156
10/06/2020;6;2020;62020;444;206;177
11/06/2020;6;2020;62020;490;203;188
12/06/2020;6;2020;62020;435;304;195
13/06/2020;6;2020;62020;59;104;40
18/06/2020;6;2020;62020;4;13;8
19/06/2020;6;2020;62020;77;121;46
20/06/2020;6;2020;62020;2;0;0
21/06/2020;6;2020;62020;16;38;16
22/06/2020;6;2020;62020;209;274;218
23/06/2020;6;2020;62020;147;336;187
24/06/2020;6;2020;62020;10;16;4
25/06/2020;6;2020;62020;192;375;204
26/06/2020;6;2020;62020;87;404;378
27/06/2020;6;2020;62020;94;44;69
28/06/2020;6;2020;62020;41;50;31
29/06/2020;6;2020;62020;338;410;169
30/06/2020;6;2020;62020;326;169;187
06/07/2020;7;2020;72020;146;85;114
07/07/2020;7;2020;72020;277;153;255
08/07/2020;7;2020;72020;325;188;310
09/07/2020;7;2020;72020;350;214;290
10/07/2020;7;2020;72020;97;62;65
12/07/2020;7;2020;72020;52;28;34
13/07/2020;7;2020;72020;378;207;238
14/07/2020;7;2020;72020;346;207;228
15/07/2020;7;2020;72020;386;215;257
16/07/2020;7;2020;72020;54;27;66
19/07/2020;7;2020;72020;30;15;34
20/07/2020;7;2020;72020;345;175;295
21/07/2020;7;2020;72020;360;179;330
22/07/2020;7;2020;72020;357;182;326
23/07/2020;7;2020;72020;346;174;329
24/07/2020;7;2020;72020;335;176;312
25/07/2020;7;2020;72020;187;144;46
26/07/2020;7;2020;72020;58;46;16
27/07/2020;7;2020;72020;394;370;109
28/07/2020;7;2020;72020;352;292;192
29/07/2020;7;2020;72020;335;218;336
30/07/2020;7;2020;72020;365;216;348
31/07/2020;7;2020;72020;394;223;369
01/08/2020;8;2020;82020;70;76;79
02/08/2020;8;2020;82020;44;56;43
03/08/2020;8;2020;82020;360;414;213
04/08/2020;8;2020;82020;337;387;189
05/08/2020;8;2020;82020;298;298;360
06/08/2020;8;2020;82020;274;304;355
07/08/2020;8;2020;82020;130;390;392
08/08/2020;8;2020;82020;0;4;6
09/08/2020;8;2020;82020;31;61;69
10/08/2020;8;2020;82020;195;316;335
11/08/2020;8;2020;82020;206;363;398
12/08/2020;8;2020;82020;216;348;365
13/08/2020;8;2020;82020;169;302;333
14/08/2020;8;2020;82020;135;239;247
15/08/2020;8;2020;82020;0;5;1
16/08/2020;8;2020;82020;27;58;48
17/08/2020;8;2020;82020;197;331;343
18/08/2020;8;2020;82020;198;347;379
19/08/2020;8;2020;82020;195;342;375
20/08/2020;8;2020;82020;194;323;337
21/08/2020;8;2020;82020;193;308;346
22/08/2020;8;2020;82020;74;90;97
23/08/2020;8;2020;82020;41;42;59
24/08/2020;8;2020;82020;184;200;253
25/08/2020;8;2020;82020;414;354;245
26/08/2020;8;2020;82020;355;326;308
27/08/2020;8;2020;82020;204;269;389
28/08/2020;8;2020;82020;209;266;371
29/08/2020;8;2020;82020;76;90;92
30/08/2020;8;2020;82020;52;60;50
31/08/2020;8;2020;82020;262;285;265
01/09/2020;9;2020;92020;299;354;309
02/09/2020;9;2020;92020;306;352;293
03/09/2020;9;2020;92020;88;102;85
04/09/2020;9;2020;92020;2;0;3
05/09/2020;9;2020;92020;0;4;2
06/09/2020;9;2020;92020;33;35;39
07/09/2020;9;2020;92020;174;175;162
08/09/2020;9;2020;92020;267;282;204
09/09/2020;9;2020;92020;347;352;286
10/09/2020;9;2020;92020;292;317;239
11/09/2020;9;2020;92020;321;332;245
12/09/2020;9;2020;92020;82;70;65
14/09/2020;9;2020;92020;140;115;118
15/09/2020;9;2020;92020;316;282;253
16/09/2020;9;2020;92020;341;273;257
17/09/2020;9;2020;92020;323;252;284
18/09/2020;9;2020;92020;352;253;318
19/09/2020;9;2020;92020;25;37;27
20/09/2020;9;2020;92020;36;42;35
21/09/2020;9;2020;92020;265;282;250
22/09/2020;9;2020;92020;282;257;266
23/09/2020;9;2020;92020;342;302;310
24/09/2020;9;2020;92020;198;224;203
25/09/2020;9;2020;92020;72;74;78
03/10/2020;10;2020;102020;130;135;146
04/10/2020;10;2020;102020;64;76;70
05/10/2020;10;2020;102020;271;277;307
06/10/2020;10;2020;102020;274;304;300
07/10/2020;10;2020;102020;260;277;293
08/10/2020;10;2020;102020;255;301;292
09/10/2020;10;2020;102020;292;330;340
10/10/2020;10;2020;102020;300;324;330
11/10/2020;10;2020;102020;17;18;17
12/10/2020;10;2020;102020;62;57;55
13/10/2020;10;2020;102020;233;261;248
14/10/2020;10;2020;102020;284;297;306
15/10/2020;10;2020;102020;281;284;316
16/10/2020;10;2020;102020;293;307;294
17/10/2020;10;2020;102020;338;299;298
18/10/2020;10;2020;102020;68;41;47
19/10/2020;10;2020;102020;320;253;264
20/10/2020;10;2020;102020;384;282;293
21/10/2020;10;2020;102020;319;220;221
22/10/2020;10;2020;102020;369;262;283
23/10/2020;10;2020;102020;241;369;275
24/10/2020;10;2020;102020;337;300;290
25/10/2020;10;2020;102020;90;74;81
26/10/2020;10;2020;102020;296;251;258
27/10/2020;10;2020;102020;375;214;242
28/10/2020;10;2020;102020;398;236;261
29/10/2020;10;2020;102020;252;196;310
30/10/2020;10;2020;102020;261;224;403
31/10/2020;10;2020;102020;387;274;141
01/11/2020;11;2020;112020;16;22;20
02/11/2020;11;2020;112020;196;232;197
03/11/2020;11;2020;112020;304;312;280
04/11/2020;11;2020;112020;343;383;247
05/11/2020;11;2020;112020;381;409;172
06/11/2020;11;2020;112020;345;351;182
07/11/2020;11;2020;112020;279;291;254
08/11/2020;11;2020;112020;115;117;102
09/11/2020;11;2020;112020;289;339;287
10/11/2020;11;2020;112020;282;320;275
11/11/2020;11;2020;112020;327;334;290
12/11/2020;11;2020;112020;287;287;252
13/11/2020;11;2020;112020;305;321;287
14/11/2020;11;2020;112020;206;271;256
15/11/2020;11;2020;112020;54;108;101
16/11/2020;11;2020;112020;327;231;193
17/11/2020;11;2020;112020;316;347;303
18/11/2020;11;2020;112020;334;345;297
19/11/2020;11;2020;112020;304;314;293
20/11/2020;11;2020;112020;248;259;399
21/11/2020;11;2020;112020;282;290;409
22/11/2020;11;2020;112020;82;77;90
23/11/2020;11;2020;112020;288;281;341
24/11/2020;11;2020;112020;286;326;248
25/11/2020;11;2020;112020;327;278;195
26/11/2020;11;2020;112020;316;276;287
27/11/2020;11;2020;112020;302;334;259
28/11/2020;11;2020;112020;303;290;299
29/11/2020;11;2020;112020;79;83;88
30/11/2020;11;2020;112020;259;428;239
01/12/2020;12;2020;122020;227;434;245
02/12/2020;12;2020;122020;238;363;309
03/12/2020;12;2020;122020;198;460;268
04/12/2020;12;2020;122020;174;420;238
05/12/2020;12;2020;122020;178;407;234
06/12/2020;12;2020;122020;41;99;62
07/12/2020;12;2020;122020;207;414;241
08/12/2020;12;2020;122020;203;379;195
09/12/2020;12;2020;122020;167;360;192
10/12/2020;12;2020;122020;204;421;232
11/12/2020;12;2020;122020;209;429;234
12/12/2020;12;2020;122020;204;429;237
13/12/2020;12;2020;122020;69;131;65
14/12/2020;12;2020;122020;222;384;212
15/12/2020;12;2020;122020;221;394;204
16/12/2020;12;2020;122020;241;417;212
17/12/2020;12;2020;122020;164;296;204
18/12/2020;12;2020;122020;190;363;250
19/12/2020;12;2020;122020;209;261;250
20/12/2020;12;2020;122020;82;142;116
21/12/2020;12;2020;122020;217;310;255
22/12/2020;12;2020;122020;248;372;287
23/12/2020;12;2020;122020;246;379;289
24/12/2020;12;2020;122020;103;262;121
26/12/2020;12;2020;122020;112;225;117
27/12/2020;12;2020;122020;22;62;27
28/12/2020;12;2020;122020;203;420;214
29/12/2020;12;2020;122020;262;316;249
30/12/2020;12;2020;122020;229;375;198
31/12/2020;12;2020;122020;64;92;44
02/01/2021;1;2021;12021;30;20;21
03/01/2021;1;2021;12021;42;44;41
04/01/2021;1;2021;12021;296;264;273
05/01/2021;1;2021;12021;348;242;250
06/01/2021;1;2021;12021;324;271;264
07/01/2021;1;2021;12021;344;297;279
08/01/2021;1;2021;12021;375;261;291
09/01/2021;1;2021;12021;279;100;168
10/01/2021;1;2021;12021;140;99;101
11/01/2021;1;2021;12021;354;266;270
12/01/2021;1;2021;12021;381;295;272
13/01/2021;1;2021;12021;369;295;245
14/01/2021;1;2021;12021;341;293;293
15/01/2021;1;2021;12021;350;276;293
16/01/2021;1;2021;12021;308;284;295
17/01/2021;1;2021;12021;77;124;88
18/01/2021;1;2021;12021;220;268;224
19/01/2021;1;2021;12021;356;359;249
20/01/2021;1;2021;12021;410;337;192
21/01/2021;1;2021;12021;362;280;204
22/01/2021;1;2021;12021;291;274;177
23/01/2021;1;2021;12021;241;371;239
24/01/2021;1;2021;12021;67;104;63
25/01/2021;1;2021;12021;203;351;227
26/01/2021;1;2021;12021;264;376;283
27/01/2021;1;2021;12021;293;381;240
28/01/2021;1;2021;12021;229;372;223
29/01/2021;1;2021;12021;296;447;201
30/01/2021;1;2021;12021;309;397;196
31/01/2021;1;2021;12021;62;83;70
01/02/2021;2;2021;22021;203;293;269
02/02/2021;2;2021;22021;226;372;345
03/02/2021;2;2021;22021;216;343;356
04/02/2021;2;2021;22021;221;333;369
05/02/2021;2;2021;22021;196;339;376
06/02/2021;2;2021;22021;233;314;348
07/02/2021;2;2021;22021;71;56;39
08/02/2021;2;2021;22021;347;259;218
09/02/2021;2;2021;22021;396;302;228
10/02/2021;2;2021;22021;398;303;221
11/02/2021;2;2021;22021;408;282;214
12/02/2021;2;2021;22021;365;289;199
13/02/2021;2;2021;22021;178;142;84
14/02/2021;2;2021;22021;34;48;22
15/02/2021;2;2021;22021;355;297;270
16/02/2021;2;2021;22021;337;322;247
17/02/2021;2;2021;22021;331;329;246
18/02/2021;2;2021;22021;353;250;347
19/02/2021;2;2021;22021;301;352;223
20/02/2021;2;2021;22021;219;284;204
21/02/2021;2;2021;22021;23;53;45
22/02/2021;2;2021;22021;345;317;243
23/02/2021;2;2021;22021;289;278;245
24/02/2021;2;2021;22021;243;301;340
25/02/2021;2;2021;22021;219;237;229
26/02/2021;2;2021;22021;338;277;248
27/02/2021;2;2021;22021;237;233;207
28/02/2021;2;2021;22021;56;46;55
01/03/2021;3;2021;32021;231;303;224
02/03/2021;3;2021;32021;226;279;232
03/03/2021;3;2021;32021;292;348;288
04/03/2021;3;2021;32021;272;348;267
05/03/2021;3;2021;32021;232;371;284
06/03/2021;3;2021;32021;57;78;24
07/03/2021;3;2021;32021;71;69;21
08/03/2021;3;2021;32021;272;322;228
09/03/2021;3;2021;32021;292;386;300
10/03/2021;3;2021;32021;332;337;235
11/03/2021;3;2021;32021;341;346;206
12/03/2021;3;2021;32021;323;340;189
13/03/2021;3;2021;32021;113;131;90
14/03/2021;3;2021;32021;;1;
15/03/2021;3;2021;32021;174;217;185
16/03/2021;3;2021;32021;142;183;154
17/03/2021;3;2021;32021;202;266;218
18/03/2021;3;2021;32021;209;237;211
19/03/2021;3;2021;32021;190;251;200
20/03/2021;3;2021;32021;148;276;190
21/03/2021;3;2021;32021;10;18;7
22/03/2021;3;2021;32021;125;284;161
23/03/2021;3;2021;32021;105;285;147
24/03/2021;3;2021;32021;161;422;166
25/03/2021;3;2021;32021;179;432;198
26/03/2021;3;2021;32021;210;481;172
27/03/2021;3;2021;32021;191;393;178
28/03/2021;3;2021;32021;25;42;35
29/03/2021;3;2021;32021;197;284;209
30/03/2021;3;2021;32021;227;372;322
31/03/2021;3;2021;32021;225;365;325
01/04/2021;4;2021;42021;156;269;214
02/04/2021;4;2021;42021;1;;4
04/04/2021;4;2021;42021;36;56;47
05/04/2021;4;2021;42021;284;285;214
06/04/2021;4;2021;42021;266;331;241
07/04/2021;4;2021;42021;296;318;206
08/04/2021;4;2021;42021;314;371;214
09/04/2021;4;2021;42021;215;260;152
10/04/2021;4;2021;42021;189;350;212
11/04/2021;4;2021;42021;55;114;76
12/04/2021;4;2021;42021;166;415;260
13/04/2021;4;2021;42021;271;325;273
14/04/2021;4;2021;42021;203;376;263
15/04/2021;4;2021;42021;261;270;265
16/04/2021;4;2021;42021;214;345;326
17/04/2021;4;2021;42021;130;369;278
18/04/2021;4;2021;42021;79;91;56
19/04/2021;4;2021;42021;262;242;214
20/04/2021;4;2021;42021;239;247;192
21/04/2021;4;2021;42021;16;11;9
22/04/2021;4;2021;42021;242;247;187
23/04/2021;4;2021;42021;267;272;212
24/04/2021;4;2021;42021;233;232;195
25/04/2021;4;2021;42021;76;63;49
26/04/2021;4;2021;42021;321;255;278
27/04/2021;4;2021;42021;336;265;300
28/04/2021;4;2021;42021;286;244;260
29/04/2021;4;2021;42021;333;265;297
30/04/2021;4;2021;42021;333;255;277
01/05/2021;5;2021;52021;15;17;9
02/05/2021;5;2021;52021;56;46;32
03/05/2021;5;2021;52021;320;224;196
04/05/2021;5;2021;52021;341;249;207
05/05/2021;5;2021;52021;361;266;208
06/05/2021;5;2021;52021;327;221;201
07/05/2021;5;2021;52021;333;277;184
08/05/2021;5;2021;52021;286;358;212
09/05/2021;5;2021;52021;94;120;55
10/05/2021;5;2021;52021;245;312;183
11/05/2021;5;2021;52021;274;332;194
12/05/2021;5;2021;52021;334;301;238
13/05/2021;5;2021;52021;337;324;269
14/05/2021;5;2021;52021;346;346;228
15/05/2021;5;2021;52021;338;345;275
16/05/2021;5;2021;52021;111;109;95
17/05/2021;5;2021;52021;176;160;140
18/05/2021;5;2021;52021;305;294;245
19/05/2021;5;2021;52021;334;315;283
20/05/2021;5;2021;52021;328;315;272
21/05/2021;5;2021;52021;293;317;239
22/05/2021;5;2021;52021;223;364;302
23/05/2021;5;2021;52021;50;154;67
24/05/2021;5;2021;52021;128;496;265
25/05/2021;5;2021;52021;181;444;247
26/05/2021;5;2021;52021;273;398;261
27/05/2021;5;2021;52021;257;404;271
28/05/2021;5;2021;52021;251;360;229
29/05/2021;5;2021;52021;238;399;240
30/05/2021;5;2021;52021;61;69;49
31/05/2021;5;2021;52021;218;379;193
01/06/2021;6;2021;62021;240;399;216
02/06/2021;6;2021;62021;235;391;201
03/06/2021;6;2021;62021;118;397;273
04/06/2021;6;2021;62021;284;411;122
05/06/2021;6;2021;62021;214;309;151
06/06/2021;6;2021;62021;53;102;66
07/06/2021;6;2021;62021;168;418;228
08/06/2021;6;2021;62021;144;360;239
09/06/2021;6;2021;62021;184;318;294
10/06/2021;6;2021;62021;318;298;287
11/06/2021;6;2021;62021;191;284;237
12/06/2021;6;2021;62021;169;306;201
13/06/2021;6;2021;62021;63;103;60
14/06/2021;6;2021;62021;204;319;185
15/06/2021;6;2021;62021;231;429;161
16/06/2021;6;2021;62021;238;423;215
17/06/2021;6;2021;62021;218;403;204
18/06/2021;6;2021;62021;169;332;192
19/06/2021;6;2021;62021;222;385;284
20/06/2021;6;2021;62021;41;69;50
21/06/2021;6;2021;62021;202;313;248
22/06/2021;6;2021;62021;209;342;261
23/06/2021;6;2021;62021;234;328;286
24/06/2021;6;2021;62021;158;313;288
25/06/2021;6;2021;62021;54;113;136
27/06/2021;6;2021;62021;28;47;60
28/06/2021;6;2021;62021;163;301;332
29/06/2021;6;2021;62021;172;302;353
30/06/2021;6;2021;62021;229;355;405
01/07/2021;7;2021;72021;280;276;290
02/07/2021;7;2021;72021;271;299;255
03/07/2021;7;2021;72021;261;281;255
04/07/2021;7;2021;72021;77;73;66
05/07/2021;7;2021;72021;285;253;265
06/07/2021;7;2021;72021;306;298;337
07/07/2021;7;2021;72021;289;277;318
08/07/2021;7;2021;72021;318;318;333
09/07/2021;7;2021;72021;276;263;296
10/07/2021;7;2021;72021;272;270;279
11/07/2021;7;2021;72021;52;58;53
12/07/2021;7;2021;72021;319;304;342
13/07/2021;7;2021;72021;192;221;236
14/07/2021;7;2021;72021;354;344;372
15/07/2021;7;2021;72021;239;259;252
16/07/2021;7;2021;72021;249;375;350
17/07/2021;7;2021;72021;214;308;279
18/07/2021;7;2021;72021;17;49;16
19/07/2021;7;2021;72021;239;314;354
20/07/2021;7;2021;72021;231;301;321
21/07/2021;7;2021;72021;200;315;305
22/07/2021;7;2021;72021;255;333;375
23/07/2021;7;2021;72021;237;308;352
24/07/2021;7;2021;72021;190;300;299
25/07/2021;7;2021;72021;;2;
26/07/2021;7;2021;72021;3;10;6
27/07/2021;7;2021;72021;170;222;213
28/07/2021;7;2021;72021;208;291;289
29/07/2021;7;2021;72021;338;230;327
30/07/2021;7;2021;72021;334;217;322
31/07/2021;7;2021;72021;345;246;354
01/08/2021;8;2021;82021;62;49;60
02/08/2021;8;2021;82021;288;206;290
03/08/2021;8;2021;82021;237;270;291
04/08/2021;8;2021;82021;299;267;322
05/08/2021;8;2021;82021;325;271;346
06/08/2021;8;2021;82021;322;273;343
07/08/2021;8;2021;82021;266;263;290
08/08/2021;8;2021;82021;84;86;70
09/08/2021;8;2021;82021;220;291;249
10/08/2021;8;2021;82021;263;251;228
11/08/2021;8;2021;82021;310;339;302
12/08/2021;8;2021;82021;262;288;262
13/08/2021;8;2021;82021;258;274;248
14/08/2021;8;2021;82021;292;310;299
15/08/2021;8;2021;82021;87;65;86
16/08/2021;8;2021;82021;298;265;328
17/08/2021;8;2021;82021;297;247;317
18/08/2021;8;2021;82021;302;254;312
19/08/2021;8;2021;82021;307;266;332
20/08/2021;8;2021;82021;307;261;340
21/08/2021;8;2021;82021;315;239;315
22/08/2021;8;2021;82021;98;53;85
23/08/2021;8;2021;82021;388;195;342
24/08/2021;8;2021;82021;195;180;247
25/08/2021;8;2021;82021;297;260;319
26/08/2021;8;2021;82021;295;273;342
27/08/2021;8;2021;82021;224;199;243
28/08/2021;8;2021;82021;327;279;329
29/08/2021;8;2021;82021;31;44;42
30/08/2021;8;2021;82021;316;311;313
31/08/2021;8;2021;82021;219;200;216
01/09/2021;9;2021;92021;160;160;172
02/09/2021;9;2021;92021;158;176;161
03/09/2021;9;2021;92021;299;305;303
04/09/2021;9;2021;92021;307;313;298
05/09/2021;9;2021;92021;52;45;59
06/09/2021;9;2021;92021;313;301;326
07/09/2021;9;2021;92021;86;99;87
08/09/2021;9;2021;92021;265;254;262
09/09/2021;9;2021;92021;295;277;298
10/09/2021;9;2021;92021;237;229;238
11/09/2021;9;2021;92021;272;276;299
12/09/2021;9;2021;92021;68;47;62
13/09/2021;9;2021;92021;295;236;299
14/09/2021;9;2021;92021;314;372;197
15/09/2021;9;2021;92021;274;275;230
16/09/2021;9;2021;92021;320;297;310
17/09/2021;9;2021;92021;342;283;339
18/09/2021;9;2021;92021;330;274;287
19/09/2021;9;2021;92021;76;71;43
20/09/2021;9;2021;92021;318;249;176
21/09/2021;9;2021;92021;367;270;199
22/09/2021;9;2021;92021;335;246;184
23/09/2021;9;2021;92021;362;303;165
24/09/2021;9;2021;92021;410;308;168
25/09/2021;9;2021;92021;136;123;55
26/09/2021;9;2021;92021;73;47;53
27/09/2021;9;2021;92021;323;200;301
28/09/2021;9;2021;92021;324;184;274
29/09/2021;9;2021;92021;293;172;264
30/09/2021;9;2021;92021;311;269;289
01/10/2021;10;2021;102021;354;183;307
02/10/2021;10;2021;102021;325;236;290
03/10/2021;10;2021;102021;72;64;76
04/10/2021;10;2021;102021;303;313;290
05/10/2021;10;2021;102021;266;336;253
06/10/2021;10;2021;102021;326;394;296
07/10/2021;10;2021;102021;269;346;245
08/10/2021;10;2021;102021;258;358;237
09/10/2021;10;2021;102021;291;334;263
10/10/2021;10;2021;102021;59;73;52
11/10/2021;10;2021;102021;302;325;275
12/10/2021;10;2021;102021;358;168;182
13/10/2021;10;2021;102021;282;274;247
14/10/2021;10;2021;102021;241;370;229
15/10/2021;10;2021;102021;216;354;235
16/10/2021;10;2021;102021;163;312;285
17/10/2021;10;2021;102021;46;45;72
18/10/2021;10;2021;102021;234;230;364
19/10/2021;10;2021;102021;209;230;239
20/10/2021;10;2021;102021;227;229;270
21/10/2021;10;2021;102021;262;234;267
22/10/2021;10;2021;102021;203;195;187
23/10/2021;10;2021;102021;236;207;274
24/10/2021;10;2021;102021;53;63;71
25/10/2021;10;2021;102021;282;245;278
26/10/2021;10;2021;102021;254;241;274
27/10/2021;10;2021;102021;216;223;267
28/10/2021;10;2021;102021;241;238;281
29/10/2021;10;2021;102021;267;343;237
30/10/2021;10;2021;102021;239;256;195
31/10/2021;10;2021;102021;33;73;84
01/11/2021;11;2021;112021;313;217;268
02/11/2021;11;2021;112021;20;17;17
03/11/2021;11;2021;112021;202;200;236
04/11/2021;11;2021;112021;192;273;338
05/11/2021;11;2021;112021;222;191;294
06/11/2021;11;2021;112021;184;196;215
07/11/2021;11;2021;112021;74;43;74
08/11/2021;11;2021;112021;230;214;260
09/11/2021;11;2021;112021;250;234;257
10/11/2021;11;2021;112021;230;201;249
11/11/2021;11;2021;112021;264;238;283
12/11/2021;11;2021;112021;296;254;255
13/11/2021;11;2021;112021;249;291;240
14/11/2021;11;2021;112021;29;55;42
15/11/2021;11;2021;112021;189;284;223
16/11/2021;11;2021;112021;185;281;222
17/11/2021;11;2021;112021;194;316;239
18/11/2021;11;2021;112021;185;312;240
19/11/2021;11;2021;112021;239;308;245
20/11/2021;11;2021;112021;305;252;219
21/11/2021;11;2021;112021;51;59;56
22/11/2021;11;2021;112021;221;276;265
23/11/2021;11;2021;112021;189;257;214
24/11/2021;11;2021;112021;211;372;289
25/11/2021;11;2021;112021;181;314;252
26/11/2021;11;2021;112021;145;322;205
27/11/2021;11;2021;112021;165;347;242
28/11/2021;11;2021;112021;33;57;50
29/11/2021;11;2021;112021;165;331;271
30/11/2021;11;2021;112021;150;309;253
01/12/2021;12;2021;122021;163;325;259
02/12/2021;12;2021;122021;145;280;238
03/12/2021;12;2021;122021;133;272;215
04/12/2021;12;2021;122021;31;79;51
05/12/2021;12;2021;122021;18;35;31
06/12/2021;12;2021;122021;128;321;228
07/12/2021;12;2021;122021;130;350;230
08/12/2021;12;2021;122021;129;363;241
09/12/2021;12;2021;122021;93;236;134
10/12/2021;12;2021;122021;155;341;227
11/12/2021;12;2021;122021;39;169;101
12/12/2021;12;2021;122021;12;38;43
13/12/2021;12;2021;122021;141;408;288
14/12/2021;12;2021;122021;121;331;220
15/12/2021;12;2021;122021;60;183;116
16/12/2021;12;2021;122021;137;352;247
17/12/2021;12;2021;122021;195;326;213
18/12/2021;12;2021;122021;72;178;118
19/12/2021;12;2021;122021;16;55;24
20/12/2021;12;2021;122021;130;326;224
21/12/2021;12;2021;122021;133;369;240
22/12/2021;12;2021;122021;139;369;244
23/12/2021;12;2021;122021;124;348;220
24/12/2021;12;2021;122021;94;251;169
26/12/2021;12;2021;122021;14;48;26
27/12/2021;12;2021;122021;105;300;174
28/12/2021;12;2021;122021;94;276;184
29/12/2021;12;2021;122021;72;249;164
30/12/2021;12;2021;122021;17;24;32
03/01/2022;1;2022;12022;1;1;1
08/01/2022;1;2022;12022;23;25;24
09/01/2022;1;2022;12022;;1;1
10/01/2022;1;2022;12022;55;57;72
11/01/2022;1;2022;12022;74;83;95
12/01/2022;1;2022;12022;66;74;97
13/01/2022;1;2022;12022;148;163;205
14/01/2022;1;2022;12022;177;185;245
15/01/2022;1;2022;12022;147;114;184
16/01/2022;1;2022;12022;34;32;50
17/01/2022;1;2022;12022;217;154;282
18/01/2022;1;2022;12022;195;175;265
19/01/2022;1;2022;12022;184;257;249
20/01/2022;1;2022;12022;195;154;245
21/01/2022;1;2022;12022;190;139;229
22/01/2022;1;2022;12022;240;175;294
23/01/2022;1;2022;12022;41;54;51
24/01/2022;1;2022;12022;195;207;273
25/01/2022;1;2022;12022;190;186;255
26/01/2022;1;2022;12022;173;193;226
27/01/2022;1;2022;12022;182;217;257
28/01/2022;1;2022;12022;191;200;268
29/01/2022;1;2022;12022;171;179;224
30/01/2022;1;2022;12022;41;74;38
31/01/2022;1;2022;12022;174;183;194
01/02/2022;2;2022;22022;98;123;112
02/02/2022;2;2022;22022;197;246;227
03/02/2022;2;2022;22022;179;218;194
04/02/2022;2;2022;22022;235;284;258
05/02/2022;2;2022;22022;203;227;186
06/02/2022;2;2022;22022;41;19;39
07/02/2022;2;2022;22022;229;197;247
08/02/2022;2;2022;22022;238;190;251
09/02/2022;2;2022;22022;261;223;287
10/02/2022;2;2022;22022;277;222;289
11/02/2022;2;2022;22022;218;180;232
12/02/2022;2;2022;22022;251;215;259
13/02/2022;2;2022;22022;84;99;91
14/02/2022;2;2022;22022;245;250;270
15/02/2022;2;2022;22022;241;197;275
16/02/2022;2;2022;22022;302;190;292
17/02/2022;2;2022;22022;213;157;240
18/02/2022;2;2022;22022;238;251;291
19/02/2022;2;2022;22022;199;173;230
20/02/2022;2;2022;22022;39;29;36
21/02/2022;2;2022;22022;236;270;289
22/02/2022;2;2022;22022;206;260;336
23/02/2022;2;2022;22022;139;191;235
24/02/2022;2;2022;22022;176;232;299
25/02/2022;2;2022;22022;185;262;326
26/02/2022;2;2022;22022;225;301;231
27/02/2022;2;2022;22022;63;79;65
28/02/2022;2;2022;22022;214;211;240
01/03/2022;3;2022;32022;260;219;300
02/03/2022;3;2022;32022;251;209;290
03/03/2022;3;2022;32022;260;215;299
04/03/2022;3;2022;32022;220;225;303
05/03/2022;3;2022;32022;134;299;206
06/03/2022;3;2022;32022;25;74;76
07/03/2022;3;2022;32022;82;260;214
08/03/2022;3;2022;32022;121;386;305
09/03/2022;3;2022;32022;119;297;254
10/03/2022;3;2022;32022;179;128;161
11/03/2022;3;2022;32022;286;143;239
12/03/2022;3;2022;32022;77;49;64
13/03/2022;3;2022;32022;42;25;41
14/03/2022;3;2022;32022;253;191;293
15/03/2022;3;2022;32022;262;177;311
16/03/2022;3;2022;32022;271;214;338
17/03/2022;3;2022;32022;233;166;290
18/03/2022;3;2022;32022;225;185;283
19/03/2022;3;2022;32022;162;138;198
22/03/2022;3;2022;32022;;;1
23/03/2022;3;2022;32022;253;185;297
24/03/2022;3;2022;32022;234;205;286
25/03/2022;3;2022;32022;252;202;304
26/03/2022;3;2022;32022;238;190;274
27/03/2022;3;2022;32022;56;42;66
28/03/2022;3;2022;32022;227;198;262
29/03/2022;3;2022;32022;276;226;315
30/03/2022;3;2022;32022;235;203;266
31/03/2022;3;2022;32022;254;220;284
01/04/2022;4;2022;42022;192;146;202
02/04/2022;4;2022;42022;16;14;15
03/04/2022;4;2022;42022;39;36;37
04/04/2022;4;2022;42022;269;238;250
05/04/2022;4;2022;42022;279;232;278
06/04/2022;4;2022;42022;249;223;251
07/04/2022;4;2022;42022;223;172;227
08/04/2022;4;2022;42022;272;241;214
09/04/2022;4;2022;42022;195;187;181
10/04/2022;4;2022;42022;19;26;27
11/04/2022;4;2022;42022;243;201;228
12/04/2022;4;2022;42022;282;241;277
13/04/2022;4;2022;42022;284;233;268
14/04/2022;4;2022;42022;294;224;227
15/04/2022;4;2022;42022;83;59;80
16/04/2022;4;2022;42022;22;23;21
17/04/2022;4;2022;42022;33;31;28
18/04/2022;4;2022;42022;247;213;232
19/04/2022;4;2022;42022;252;217;236
20/04/2022;4;2022;42022;255;226;238
21/04/2022;4;2022;42022;267;219;268
22/04/2022;4;2022;42022;274;228;254
23/04/2022;4;2022;42022;273;238;260
24/04/2022;4;2022;42022;91;68;95
25/04/2022;4;2022;42022;214;202;194
26/04/2022;4;2022;42022;257;226;245
27/04/2022;4;2022;42022;279;228;250
28/04/2022;4;2022;42022;252;230;249
29/04/2022;4;2022;42022;269;215;244
30/04/2022;4;2022;42022;251;220;250
01/05/2022;5;2022;52022;52;54;58
02/05/2022;5;2022;52022;263;230;286
03/05/2022;5;2022;52022;253;238;289
04/05/2022;5;2022;52022;220;215;252
05/05/2022;5;2022;52022;220;194;257
06/05/2022;5;2022;52022;247;205;263
07/05/2022;5;2022;52022;176;156;212
08/05/2022;5;2022;52022;35;32;37
09/05/2022;5;2022;52022;240;210;267
10/05/2022;5;2022;52022;182;182;218
11/05/2022;5;2022;52022;285;251;326
12/05/2022;5;2022;52022;239;241;281
13/05/2022;5;2022;52022;261;237;289
14/05/2022;5;2022;52022;180;158;180
15/05/2022;5;2022;52022;27;28;26
16/05/2022;5;2022;52022;255;261;282
17/05/2022;5;2022;52022;267;250;266
18/05/2022;5;2022;52022;281;272;234
19/05/2022;5;2022;52022;241;250;300
20/05/2022;5;2022;52022;249;283;276
21/05/2022;5;2022;52022;213;205;225
22/05/2022;5;2022;52022;53;51;64
23/05/2022;5;2022;52022;243;221;277
24/05/2022;5;2022;52022;133;116;134
25/05/2022;5;2022;52022;67;48;64
26/05/2022;5;2022;52022;233;219;255
27/05/2022;5;2022;52022;241;233;283
28/05/2022;5;2022;52022;183;154;206
29/05/2022;5;2022;52022;27;16;25
30/05/2022;5;2022;52022;191;176;243
31/05/2022;5;2022;52022;218;207;304
01/06/2022;6;2022;62022;250;222;314
02/06/2022;6;2022;62022;255;199;331
03/06/2022;6;2022;62022;262;169;307
04/06/2022;6;2022;62022;48;33;76
05/06/2022;6;2022;62022;11;7;14
06/06/2022;6;2022;62022;142;81;190
07/06/2022;6;2022;62022;237;205;334
08/06/2022;6;2022;62022;255;189;345
09/06/2022;6;2022;62022;224;191;310
10/06/2022;6;2022;62022;246;174;327
11/06/2022;6;2022;62022;167;143;213
12/06/2022;6;2022;62022;27;19;39
13/06/2022;6;2022;62022;233;173;327
14/06/2022;6;2022;62022;237;183;330
15/06/2022;6;2022;62022;223;157;312
16/06/2022;6;2022;62022;250;178;332
17/06/2022;6;2022;62022;251;182;318
18/06/2022;6;2022;62022;75;60;81
01/07/2022;7;2022;72022;60;60;70
02/07/2022;7;2022;72022;40;33;51
04/07/2022;7;2022;72022;;1;1
05/07/2022;7;2022;72022;30;27;35
06/07/2022;7;2022;72022;32;29;37
07/07/2022;7;2022;72022;180;155;86
08/07/2022;7;2022;72022;141;159;48
09/07/2022;7;2022;72022;134;124;70
10/07/2022;7;2022;72022;11;10;6
11/07/2022;7;2022;72022;128;133;74
12/07/2022;7;2022;72022;164;157;102
13/07/2022;7;2022;72022;196;211;124
14/07/2022;7;2022;72022;161;209;131
15/07/2022;7;2022;72022;154;249;134
16/07/2022;7;2022;72022;168;178;171
17/07/2022;7;2022;72022;33;23;30
18/07/2022;7;2022;72022;204;173;217
19/07/2022;7;2022;72022;186;162;227
20/07/2022;7;2022;72022;222;196;237
21/07/2022;7;2022;72022;183;146;176
22/07/2022;7;2022;72022;227;166;230
23/07/2022;7;2022;72022;208;204;238
24/07/2022;7;2022;72022;49;29;40
25/07/2022;7;2022;72022;229;188;242
26/07/2022;7;2022;72022;220;186;257
27/07/2022;7;2022;72022;235;211;279
28/07/2022;7;2022;72022;245;199;230
29/07/2022;7;2022;72022;254;195;241
30/07/2022;7;2022;72022;205;178;254
31/07/2022;7;2022;72022;59;49;77
01/08/2022;8;2022;82022;217;219;229
02/08/2022;8;2022;82022;203;226;292
03/08/2022;8;2022;82022;236;230;322
04/08/2022;8;2022;82022;251;297;328
05/08/2022;8;2022;82022;230;236;334
06/08/2022;8;2022;82022;238;249;299
07/08/2022;8;2022;82022;85;103;121
08/08/2022;8;2022;82022;245;260;341
09/08/2022;8;2022;82022;217;219;242
10/08/2022;8;2022;82022;185;159;208
11/08/2022;8;2022;82022;204;208;223
12/08/2022;8;2022;82022;201;237;249
13/08/2022;8;2022;82022;219;259;261
14/08/2022;8;2022;82022;62;61;77
15/08/2022;8;2022;82022;253;240;240
16/08/2022;8;2022;82022;229;229;200
17/08/2022;8;2022;82022;250;242;231
18/08/2022;8;2022;82022;214;214;275
19/08/2022;8;2022;82022;219;221;299
20/08/2022;8;2022;82022;232;241;293
21/08/2022;8;2022;82022;71;60;82
22/08/2022;8;2022;82022;232;231;246
23/08/2022;8;2022;82022;237;241;264
24/08/2022;8;2022;82022;218;241;280
25/08/2022;8;2022;82022;241;226;255
26/08/2022;8;2022;82022;244;246;254
27/08/2022;8;2022;82022;174;207;227
28/08/2022;8;2022;82022;91;75;106
29/08/2022;8;2022;82022;258;208;291
30/08/2022;8;2022;82022;252;219;296
31/08/2022;8;2022;82022;232;203;287
01/09/2022;9;2022;92022;231;204;264
02/09/2022;9;2022;92022;63;206;209
06/09/2022;9;2022;92022;72;280;295
07/09/2022;9;2022;92022;74;316;342
08/09/2022;9;2022;92022;77;327;334
09/09/2022;9;2022;92022;77;341;361
10/09/2022;9;2022;92022;93;334;341
11/09/2022;9;2022;92022;53;79;107
12/09/2022;9;2022;92022;123;255;269
13/09/2022;9;2022;92022;150;232;292
14/09/2022;9;2022;92022;150;284;307
15/09/2022;9;2022;92022;161;268;320
16/09/2022;9;2022;92022;117;246;267
17/09/2022;9;2022;92022;101;224;238
18/09/2022;9;2022;92022;15;27;28
19/09/2022;9;2022;92022;119;260;294
20/09/2022;9;2022;92022;141;265;294
21/09/2022;9;2022;92022;146;291;315
22/09/2022;9;2022;92022;127;269;284
23/09/2022;9;2022;92022;149;272;298
24/09/2022;9;2022;92022;44;263;219
25/09/2022;9;2022;92022;10;34;48
26/09/2022;9;2022;92022;81;268;278
27/09/2022;9;2022;92022;104;303;335
28/09/2022;9;2022;92022;90;339;300
29/09/2022;9;2022;92022;97;331;324
30/09/2022;9;2022;92022;81;341;297
01/10/2022;10;2022;102022;91;302;288
02/10/2022;10;2022;102022;23;94;91
03/10/2022;10;2022;102022;80;307;335
04/10/2022;10;2022;102022;89;307;323
05/10/2022;10;2022;102022;75;313;303
06/10/2022;10;2022;102022;67;299;298
07/10/2022;10;2022;102022;94;311;311
08/10/2022;10;2022;102022;88;169;167
10/10/2022;10;2022;102022;;1;
11/10/2022;10;2022;102022;123;229;233
12/10/2022;10;2022;102022;140;288;280
13/10/2022;10;2022;102022;87;178;169
14/10/2022;10;2022;102022;147;272;255
15/10/2022;10;2022;102022;130;236;227
16/10/2022;10;2022;102022;19;28;41
17/10/2022;10;2022;102022;138;293;258
18/10/2022;10;2022;102022;163;304;316
19/10/2022;10;2022;102022;154;311;291
20/10/2022;10;2022;102022;149;280;259
21/10/2022;10;2022;102022;61;120;115
22/10/2022;10;2022;102022;127;247;256
23/10/2022;10;2022;102022;40;70;64
24/10/2022;10;2022;102022;149;310;290
25/10/2022;10;2022;102022;123;224;209
26/10/2022;10;2022;102022;140;277;265
27/10/2022;10;2022;102022;142;264;272
28/10/2022;10;2022;102022;155;302;285
29/10/2022;10;2022;102022;124;234;225
30/10/2022;10;2022;102022;46;77;70
31/10/2022;10;2022;102022;31;77;58
